<?xml version="1.0" encoding="UTF-8"?>
<gpx creator="StravaGPX" version="1.1" xmlns="http://www.topografix.com/GPX/1/1" xmlns:xsi="http://www.w3.org/2001/XMLSchema-instance">
 <metadata>
  <time></time>
 </metadata>
 <wpt lat="36.97698" lon="129.407149">
   <name><![CDATA[울진은어다리 인증센터]]></name>
 </wpt>

 <wpt lat="36.873069" lon="129.42092">
   <name><![CDATA[망양휴계소 인증센터]]></name>
 </wpt>
 
 <wpt lat="36.744064" lon="129.462117">
   <name><![CDATA[월송정 인증센터]]></name>
 </wpt>

 <wpt lat="36.6006" lon="129.411953">
   <name><![CDATA[고래불해변 인증센터]]></name>
 </wpt>
 
 <wpt lat="36.427107" lon="129.434698">
   <name><![CDATA[해맞이공원 인증센터]]></name>
 </wpt>

 <trk>
  <name> </name>
  <trkseg>
   <trkpt lat="37.110526" lon="129.373481">
   </trkpt>
   <trkpt lat="37.109538" lon="129.373367">
   </trkpt>
   <trkpt lat="37.109209" lon="129.373144">
   </trkpt>
   <trkpt lat="37.107451" lon="129.371791">
   </trkpt>
   <trkpt lat="37.107164" lon="129.371832">
   </trkpt>
   <trkpt lat="37.107239" lon="129.371785">
   </trkpt>
   <trkpt lat="37.106884" lon="129.371905">
   </trkpt>
   <trkpt lat="37.106652" lon="129.372027">
   </trkpt>
   <trkpt lat="37.106368" lon="129.372406">
   </trkpt>
   <trkpt lat="37.105649" lon="129.373707">
   </trkpt>
   <trkpt lat="37.105376" lon="129.37397">
   </trkpt>
   <trkpt lat="37.105176" lon="129.374134">
   </trkpt>
   <trkpt lat="37.10487" lon="129.374239">
   </trkpt>
   <trkpt lat="37.104067" lon="129.374291">
   </trkpt>
   <trkpt lat="37.103649" lon="129.374275">
   </trkpt>
   <trkpt lat="37.103303" lon="129.374093">
   </trkpt>
   <trkpt lat="37.103004" lon="129.37374">
   </trkpt>
   <trkpt lat="37.102699" lon="129.373417">
   </trkpt>
   <trkpt lat="37.102263" lon="129.373048">
   </trkpt>
   <trkpt lat="37.101933" lon="129.372829">
   </trkpt>
   <trkpt lat="37.101356" lon="129.372582">
   </trkpt>
   <trkpt lat="37.101126" lon="129.372471">
   </trkpt>
   <trkpt lat="37.100696" lon="129.372312">
   </trkpt>
   <trkpt lat="37.099594" lon="129.371853">
   </trkpt>
   <trkpt lat="37.098634" lon="129.371361">
   </trkpt>
   <trkpt lat="37.096968" lon="129.370117">
   </trkpt>
   <trkpt lat="37.096494" lon="129.369934">
   </trkpt>
   <trkpt lat="37.096099" lon="129.369867">
   </trkpt>
   <trkpt lat="37.095717" lon="129.369975">
   </trkpt>
   <trkpt lat="37.095343" lon="129.370193">
   </trkpt>
   <trkpt lat="37.093058" lon="129.371774">
   </trkpt>
   <trkpt lat="37.091097" lon="129.373094">
   </trkpt>
   <trkpt lat="37.090656" lon="129.373302">
   </trkpt>
   <trkpt lat="37.09031" lon="129.373399">
   </trkpt>
   <trkpt lat="37.089932" lon="129.373376">
   </trkpt>
   <trkpt lat="37.089601" lon="129.373253">
   </trkpt>
   <trkpt lat="37.088729" lon="129.372735">
   </trkpt>
   <trkpt lat="37.088117" lon="129.372403">
   </trkpt>
   <trkpt lat="37.08751" lon="129.372145">
   </trkpt>
   <trkpt lat="37.086684" lon="129.372049">
   </trkpt>
   <trkpt lat="37.085083" lon="129.372312">
   </trkpt>
   <trkpt lat="37.083605" lon="129.372757">
   </trkpt>
   <trkpt lat="37.081969" lon="129.373955">
   </trkpt>
   <trkpt lat="37.081181" lon="129.37473">
   </trkpt>
   <trkpt lat="37.080374" lon="129.37587">
   </trkpt>
   <trkpt lat="37.080177" lon="129.376224">
   </trkpt>
   <trkpt lat="37.079607" lon="129.376728">
   </trkpt>
   <trkpt lat="37.079211" lon="129.376812">
   </trkpt>
   <trkpt lat="37.078093" lon="129.376773">
   </trkpt>
   <trkpt lat="37.077798" lon="129.376848">
   </trkpt>
   <trkpt lat="37.077503" lon="129.377073">
   </trkpt>
   <trkpt lat="37.077336" lon="129.377236">
   </trkpt>
   <trkpt lat="37.077169" lon="129.37748">
   </trkpt>
   <trkpt lat="37.077008" lon="129.378084">
   </trkpt>
   <trkpt lat="37.076504" lon="129.380582">
   </trkpt>
   <trkpt lat="37.075796" lon="129.383252">
   </trkpt>
   <trkpt lat="37.075403" lon="129.384518">
   </trkpt>
   <trkpt lat="37.075211" lon="129.385372">
   </trkpt>
   <trkpt lat="37.075113" lon="129.386064">
   </trkpt>
   <trkpt lat="37.075724" lon="129.396704">
   </trkpt>
   <trkpt lat="37.075713" lon="129.397355">
   </trkpt>
   <trkpt lat="37.07561" lon="129.397953">
   </trkpt>
   <trkpt lat="37.075552" lon="129.39817">
   </trkpt>
   <trkpt lat="37.075415" lon="129.398447">
   </trkpt>
   <trkpt lat="37.074522" lon="129.399965">
   </trkpt>
   <trkpt lat="37.074271" lon="129.400359">
   </trkpt>
   <trkpt lat="37.073961" lon="129.401304">
   </trkpt>
   <trkpt lat="37.073856" lon="129.40182">
   </trkpt>
   <trkpt lat="37.073747" lon="129.402565">
   </trkpt>
   <trkpt lat="37.073584" lon="129.403326">
   </trkpt>
   <trkpt lat="37.073329" lon="129.404122">
   </trkpt>
   <trkpt lat="37.072833" lon="129.405873">
   </trkpt>
   <trkpt lat="37.072689" lon="129.406665">
   </trkpt>
   <trkpt lat="37.072586" lon="129.407475">
   </trkpt>
   <trkpt lat="37.072458" lon="129.407917">
   </trkpt>
   <trkpt lat="37.072305" lon="129.408254">
   </trkpt>
   <trkpt lat="37.072093" lon="129.408475">
   </trkpt>
   <trkpt lat="37.071856" lon="129.408665">
   </trkpt>
   <trkpt lat="37.071347" lon="129.409025">
   </trkpt>
   <trkpt lat="37.070537" lon="129.409261">
   </trkpt>
   <trkpt lat="37.069034" lon="129.409577">
   </trkpt>
   <trkpt lat="37.067936" lon="129.410081">
   </trkpt>
   <trkpt lat="37.067347" lon="129.410236">
   </trkpt>
   <trkpt lat="37.067165" lon="129.410448">
   </trkpt>
   <trkpt lat="37.067078" lon="129.410735">
   </trkpt>
   <trkpt lat="37.066847" lon="129.411366">
   </trkpt>
   <trkpt lat="37.066592" lon="129.411548">
   </trkpt>
   <trkpt lat="37.065745" lon="129.412034">
   </trkpt>
   <trkpt lat="37.065385" lon="129.412302">
   </trkpt>
   <trkpt lat="37.065012" lon="129.412783">
   </trkpt>
   <trkpt lat="37.064865" lon="129.413222">
   </trkpt>
   <trkpt lat="37.064606" lon="129.414778">
   </trkpt>
   <trkpt lat="37.064307" lon="129.416399">
   </trkpt>
   <trkpt lat="37.064386" lon="129.416999">
   </trkpt>
   <trkpt lat="37.064473" lon="129.417469">
   </trkpt>
   <trkpt lat="37.064473" lon="129.417775">
   </trkpt>
   <trkpt lat="37.064308" lon="129.418362">
   </trkpt>
   <trkpt lat="37.064031" lon="129.418937">
   </trkpt>
   <trkpt lat="37.063287" lon="129.42025">
   </trkpt>
   <trkpt lat="37.063122" lon="129.420455">
   </trkpt>
   <trkpt lat="37.063022" lon="129.42054">
   </trkpt>
   <trkpt lat="37.062616" lon="129.420789">
   </trkpt>
   <trkpt lat="37.062446" lon="129.420848">
   </trkpt>
   <trkpt lat="37.06233" lon="129.420883">
   </trkpt>
   <trkpt lat="37.060845" lon="129.421064">
   </trkpt>
   <trkpt lat="37.059463" lon="129.421446">
   </trkpt>
   <trkpt lat="37.059207" lon="129.424451">
   </trkpt>
   <trkpt lat="37.059079" lon="129.425027">
   </trkpt>
   <trkpt lat="37.058869" lon="129.425411">
   </trkpt>
   <trkpt lat="37.05831" lon="129.425802">
   </trkpt>
   <trkpt lat="37.056773" lon="129.426953">
   </trkpt>
   <trkpt lat="37.05637" lon="129.427199">
   </trkpt>
   <trkpt lat="37.056631" lon="129.427773">
   </trkpt>
   <trkpt lat="37.056788" lon="129.427857">
   </trkpt>
   <trkpt lat="37.056975" lon="129.428118">
   </trkpt>
   <trkpt lat="37.057177" lon="129.428484">
   </trkpt>
   <trkpt lat="37.057368" lon="129.428917">
   </trkpt>
   <trkpt lat="37.057442" lon="129.428941">
   </trkpt>
   <trkpt lat="37.057526" lon="129.428929">
   </trkpt>
   <trkpt lat="37.057571" lon="129.428898">
   </trkpt>
   <trkpt lat="37.057662" lon="129.428834">
   </trkpt>
   <trkpt lat="37.058196" lon="129.428354">
   </trkpt>
   <trkpt lat="37.058809" lon="129.428255">
   </trkpt>
   <trkpt lat="37.058531" lon="129.427856">
   </trkpt>
   <trkpt lat="37.058045" lon="129.427066">
   </trkpt>
   <trkpt lat="37.057982" lon="129.426895">
   </trkpt>
   <trkpt lat="37.057831" lon="129.42676">
   </trkpt>
   <trkpt lat="37.057988" lon="129.426275">
   </trkpt>
   <trkpt lat="37.057988" lon="129.426046">
   </trkpt>
   <trkpt lat="37.058869" lon="129.425411">
   </trkpt>
   <trkpt lat="37.059079" lon="129.425027">
   </trkpt>
   <trkpt lat="37.059207" lon="129.424451">
   </trkpt>
   <trkpt lat="37.059463" lon="129.421446">
   </trkpt>
   <trkpt lat="37.058298" lon="129.418828">
   </trkpt>
   <trkpt lat="37.057471" lon="129.417612">
   </trkpt>
   <trkpt lat="37.056292" lon="129.416412">
   </trkpt>
   <trkpt lat="37.055454" lon="129.41581">
   </trkpt>
   <trkpt lat="37.054813" lon="129.415229">
   </trkpt>
   <trkpt lat="37.054481" lon="129.415016">
   </trkpt>
   <trkpt lat="37.053987" lon="129.41479">
   </trkpt>
   <trkpt lat="37.053638" lon="129.414634">
   </trkpt>
   <trkpt lat="37.052986" lon="129.414429">
   </trkpt>
   <trkpt lat="37.052181" lon="129.414245">
   </trkpt>
   <trkpt lat="37.051691" lon="129.414031">
   </trkpt>
   <trkpt lat="37.051315" lon="129.413802">
   </trkpt>
   <trkpt lat="37.05082" lon="129.41347">
   </trkpt>
   <trkpt lat="37.050383" lon="129.413325">
   </trkpt>
   <trkpt lat="37.04962" lon="129.413123">
   </trkpt>
   <trkpt lat="37.047579" lon="129.412872">
   </trkpt>
   <trkpt lat="37.045953" lon="129.412647">
   </trkpt>
   <trkpt lat="37.045139" lon="129.412517">
   </trkpt>
   <trkpt lat="37.044557" lon="129.412374">
   </trkpt>
   <trkpt lat="37.044098" lon="129.412338">
   </trkpt>
   <trkpt lat="37.043726" lon="129.412281">
   </trkpt>
   <trkpt lat="37.043349" lon="129.412437">
   </trkpt>
   <trkpt lat="37.042485" lon="129.412914">
   </trkpt>
   <trkpt lat="37.040838" lon="129.413576">
   </trkpt>
   <trkpt lat="37.038855" lon="129.413907">
   </trkpt>
   <trkpt lat="37.038606" lon="129.414">
   </trkpt>
   <trkpt lat="37.037711" lon="129.414201">
   </trkpt>
   <trkpt lat="37.03701" lon="129.414416">
   </trkpt>
   <trkpt lat="37.035601" lon="129.415075">
   </trkpt>
   <trkpt lat="37.035061" lon="129.415266">
   </trkpt>
   <trkpt lat="37.034669" lon="129.415243">
   </trkpt>
   <trkpt lat="37.034402" lon="129.415125">
   </trkpt>
   <trkpt lat="37.034192" lon="129.414906">
   </trkpt>
   <trkpt lat="37.03361" lon="129.414182">
   </trkpt>
   <trkpt lat="37.03326" lon="129.41365">
   </trkpt>
   <trkpt lat="37.032712" lon="129.412534">
   </trkpt>
   <trkpt lat="37.032525" lon="129.412198">
   </trkpt>
   <trkpt lat="37.032265" lon="129.41189">
   </trkpt>
   <trkpt lat="37.031817" lon="129.411493">
   </trkpt>
   <trkpt lat="37.031549" lon="129.411217">
   </trkpt>
   <trkpt lat="37.031399" lon="129.410984">
   </trkpt>
   <trkpt lat="37.031116" lon="129.41033">
   </trkpt>
   <trkpt lat="37.030911" lon="129.41011">
   </trkpt>
   <trkpt lat="37.030643" lon="129.40998">
   </trkpt>
   <trkpt lat="37.029752" lon="129.409713">
   </trkpt>
   <trkpt lat="37.0292" lon="129.409363">
   </trkpt>
   <trkpt lat="37.028976" lon="129.409289">
   </trkpt>
   <trkpt lat="37.02857" lon="129.409251">
   </trkpt>
   <trkpt lat="37.027739" lon="129.409223">
   </trkpt>
   <trkpt lat="37.027049" lon="129.409242">
   </trkpt>
   <trkpt lat="37.025602" lon="129.409335">
   </trkpt>
   <trkpt lat="37.024767" lon="129.409106">
   </trkpt>
   <trkpt lat="37.024189" lon="129.409046">
   </trkpt>
   <trkpt lat="37.02389" lon="129.409108">
   </trkpt>
   <trkpt lat="37.023398" lon="129.40935">
   </trkpt>
   <trkpt lat="37.021523" lon="129.410064">
   </trkpt>
   <trkpt lat="37.02064" lon="129.410428">
   </trkpt>
   <trkpt lat="37.018107" lon="129.411636">
   </trkpt>
   <trkpt lat="37.018089" lon="129.411708">
   </trkpt>
   <trkpt lat="37.017625" lon="129.41232">
   </trkpt>
   <trkpt lat="37.016243" lon="129.412988">
   </trkpt>
   <trkpt lat="37.01601" lon="129.413074">
   </trkpt>
   <trkpt lat="37.015616" lon="129.413122">
   </trkpt>
   <trkpt lat="37.015374" lon="129.413253">
   </trkpt>
   <trkpt lat="37.015121" lon="129.413531">
   </trkpt>
   <trkpt lat="37.014434" lon="129.413961">
   </trkpt>
   <trkpt lat="37.014224" lon="129.414045">
   </trkpt>
   <trkpt lat="37.013617" lon="129.414176">
   </trkpt>
   <trkpt lat="37.013296" lon="129.414365">
   </trkpt>
   <trkpt lat="37.012737" lon="129.414648">
   </trkpt>
   <trkpt lat="37.012416" lon="129.414884">
   </trkpt>
   <trkpt lat="37.011853" lon="129.415351">
   </trkpt>
   <trkpt lat="37.011786" lon="129.415421">
   </trkpt>
   <trkpt lat="37.011556" lon="129.415779">
   </trkpt>
   <trkpt lat="37.011347" lon="129.415878">
   </trkpt>
   <trkpt lat="37.01114" lon="129.415917">
   </trkpt>
   <trkpt lat="37.010994" lon="129.415871">
   </trkpt>
   <trkpt lat="37.010761" lon="129.41587">
   </trkpt>
   <trkpt lat="37.010253" lon="129.416022">
   </trkpt>
   <trkpt lat="37.009623" lon="129.41608">
   </trkpt>
   <trkpt lat="37.009192" lon="129.416026">
   </trkpt>
   <trkpt lat="37.009008" lon="129.41607">
   </trkpt>
   <trkpt lat="37.008869" lon="129.416142">
   </trkpt>
   <trkpt lat="37.008382" lon="129.416153">
   </trkpt>
   <trkpt lat="37.008228" lon="129.416221">
   </trkpt>
   <trkpt lat="37.008024" lon="129.41639">
   </trkpt>
   <trkpt lat="37.00795" lon="129.416418">
   </trkpt>
   <trkpt lat="37.007789" lon="129.416409">
   </trkpt>
   <trkpt lat="37.007533" lon="129.416314">
   </trkpt>
   <trkpt lat="37.007256" lon="129.416239">
   </trkpt>
   <trkpt lat="37.007162" lon="129.416247">
   </trkpt>
   <trkpt lat="37.007014" lon="129.416282">
   </trkpt>
   <trkpt lat="37.00644" lon="129.416837">
   </trkpt>
   <trkpt lat="37.006028" lon="129.417109">
   </trkpt>
   <trkpt lat="37.005723" lon="129.417172">
   </trkpt>
   <trkpt lat="37.005172" lon="129.417161">
   </trkpt>
   <trkpt lat="37.003966" lon="129.417621">
   </trkpt>
   <trkpt lat="37.00387" lon="129.417621">
   </trkpt>
   <trkpt lat="37.003804" lon="129.417594">
   </trkpt>
   <trkpt lat="37.003487" lon="129.417406">
   </trkpt>
   <trkpt lat="37.003067" lon="129.4172">
   </trkpt>
   <trkpt lat="37.002825" lon="129.417114">
   </trkpt>
   <trkpt lat="37.001718" lon="129.417198">
   </trkpt>
   <trkpt lat="37.001617" lon="129.416823">
   </trkpt>
   <trkpt lat="37.001515" lon="129.416643">
   </trkpt>
   <trkpt lat="37.001371" lon="129.41619">
   </trkpt>
   <trkpt lat="37.001087" lon="129.415479">
   </trkpt>
   <trkpt lat="37.000918" lon="129.415224">
   </trkpt>
   <trkpt lat="37.00074" lon="129.415023">
   </trkpt>
   <trkpt lat="36.99991" lon="129.414306">
   </trkpt>
   <trkpt lat="36.999513" lon="129.413643">
   </trkpt>
   <trkpt lat="36.998864" lon="129.412687">
   </trkpt>
   <trkpt lat="36.998494" lon="129.412265">
   </trkpt>
   <trkpt lat="36.998455" lon="129.412202">
   </trkpt>
   <trkpt lat="36.998346" lon="129.411925">
   </trkpt>
   <trkpt lat="36.998243" lon="129.411305">
   </trkpt>
   <trkpt lat="36.997497" lon="129.408853">
   </trkpt>
   <trkpt lat="36.996978" lon="129.408369">
   </trkpt>
   <trkpt lat="36.996683" lon="129.407529">
   </trkpt>
   <trkpt lat="36.99652" lon="129.407146">
   </trkpt>
   <trkpt lat="36.996168" lon="129.405586">
   </trkpt>
   <trkpt lat="36.994508" lon="129.406167">
   </trkpt>
   <trkpt lat="36.993763" lon="129.406332">
   </trkpt>
   <trkpt lat="36.993751" lon="129.406105">
   </trkpt>
   <trkpt lat="36.993349" lon="129.406156">
   </trkpt>
   <trkpt lat="36.993181" lon="129.40613">
   </trkpt>
   <trkpt lat="36.992846" lon="129.405615">
   </trkpt>
   <trkpt lat="36.992617" lon="129.405158">
   </trkpt>
   <trkpt lat="36.99248" lon="129.404922">
   </trkpt>
   <trkpt lat="36.992044" lon="129.404608">
   </trkpt>
   <trkpt lat="36.990829" lon="129.403351">
   </trkpt>
   <trkpt lat="36.990654" lon="129.403133">
   </trkpt>
   <trkpt lat="36.990485" lon="129.402955">
   </trkpt>
   <trkpt lat="36.989804" lon="129.402448">
   </trkpt>
   <trkpt lat="36.98958" lon="129.402855">
   </trkpt>
   <trkpt lat="36.989204" lon="129.402654">
   </trkpt>
   <trkpt lat="36.988988" lon="129.402645">
   </trkpt>
   <trkpt lat="36.988988" lon="129.402373">
   </trkpt>
   <trkpt lat="36.988855" lon="129.402351">
   </trkpt>
   <trkpt lat="36.988301" lon="129.402443">
   </trkpt>
   <trkpt lat="36.987238" lon="129.40267">
   </trkpt>
   <trkpt lat="36.986905" lon="129.402719">
   </trkpt>
   <trkpt lat="36.986514" lon="129.402656">
   </trkpt>
   <trkpt lat="36.98613" lon="129.402394">
   </trkpt>
   <trkpt lat="36.985633" lon="129.402039">
   </trkpt>
   <trkpt lat="36.985406" lon="129.401877">
   </trkpt>
   <trkpt lat="36.984247" lon="129.400907">
   </trkpt>
   <trkpt lat="36.983761" lon="129.400582">
   </trkpt>
   <trkpt lat="36.982636" lon="129.400022">
   </trkpt>
   <trkpt lat="36.982353" lon="129.399916">
   </trkpt>
   <trkpt lat="36.982065" lon="129.399938">
   </trkpt>
   <trkpt lat="36.981742" lon="129.400022">
   </trkpt>
   <trkpt lat="36.981477" lon="129.400129">
   </trkpt>
   <trkpt lat="36.981309" lon="129.400238">
   </trkpt>
   <trkpt lat="36.980894" lon="129.400596">
   </trkpt>
   <trkpt lat="36.980589" lon="129.401004">
   </trkpt>
   <trkpt lat="36.980312" lon="129.401309">
   </trkpt>
   <trkpt lat="36.980047" lon="129.401705">
   </trkpt>
   <trkpt lat="36.979625" lon="129.402607">
   </trkpt>
   <trkpt lat="36.979281" lon="129.403707">
   </trkpt>
   <trkpt lat="36.97914" lon="129.404011">
   </trkpt>
   <trkpt lat="36.979036" lon="129.404459">
   </trkpt>
   <trkpt lat="36.978954" lon="129.405094">
   </trkpt>
   <trkpt lat="36.978988" lon="129.405918">
   </trkpt>
   <trkpt lat="36.979087" lon="129.406741">
   </trkpt>
   <trkpt lat="36.97698" lon="129.407149">
   </trkpt>
   <trkpt lat="36.976641" lon="129.407215">
   </trkpt>
   <trkpt lat="36.976412" lon="129.407803">
   </trkpt>
   <trkpt lat="36.976236" lon="129.408119">
   </trkpt>
   <trkpt lat="36.975996" lon="129.408358">
   </trkpt>
   <trkpt lat="36.975819" lon="129.408506">
   </trkpt>
   <trkpt lat="36.974663" lon="129.409142">
   </trkpt>
   <trkpt lat="36.973765" lon="129.409596">
   </trkpt>
   <trkpt lat="36.973429" lon="129.409783">
   </trkpt>
   <trkpt lat="36.973158" lon="129.409907">
   </trkpt>
   <trkpt lat="36.972891" lon="129.409955">
   </trkpt>
   <trkpt lat="36.972584" lon="129.409946">
   </trkpt>
   <trkpt lat="36.972037" lon="129.409773">
   </trkpt>
   <trkpt lat="36.97173" lon="129.409541">
   </trkpt>
   <trkpt lat="36.971318" lon="129.409029">
   </trkpt>
   <trkpt lat="36.97088" lon="129.408193">
   </trkpt>
   <trkpt lat="36.970354" lon="129.407243">
   </trkpt>
   <trkpt lat="36.970035" lon="129.40689">
   </trkpt>
   <trkpt lat="36.969006" lon="129.404861">
   </trkpt>
   <trkpt lat="36.968216" lon="129.403393">
   </trkpt>
   <trkpt lat="36.967661" lon="129.402012">
   </trkpt>
   <trkpt lat="36.967487" lon="129.401698">
   </trkpt>
   <trkpt lat="36.967403" lon="129.401488">
   </trkpt>
   <trkpt lat="36.967472" lon="129.400767">
   </trkpt>
   <trkpt lat="36.967193" lon="129.399411">
   </trkpt>
   <trkpt lat="36.967021" lon="129.398057">
   </trkpt>
   <trkpt lat="36.966815" lon="129.398023">
   </trkpt>
   <trkpt lat="36.964119" lon="129.397838">
   </trkpt>
   <trkpt lat="36.96416" lon="129.40025">
   </trkpt>
   <trkpt lat="36.96436" lon="129.40255">
   </trkpt>
   <trkpt lat="36.96441" lon="129.40326">
   </trkpt>
   <trkpt lat="36.96444" lon="129.40414">
   </trkpt>
   <trkpt lat="36.96451" lon="129.40492">
   </trkpt>
   <trkpt lat="36.96455" lon="129.40561">
   </trkpt>
   <trkpt lat="36.964715" lon="129.407318">
   </trkpt>
   <trkpt lat="36.964834" lon="129.407601">
   </trkpt>
   <trkpt lat="36.964901" lon="129.407699">
   </trkpt>
   <trkpt lat="36.964325" lon="129.408321">
   </trkpt>
   <trkpt lat="36.96415" lon="129.408596">
   </trkpt>
   <trkpt lat="36.96402" lon="129.408874">
   </trkpt>
   <trkpt lat="36.964001" lon="129.409218">
   </trkpt>
   <trkpt lat="36.964141" lon="129.411608">
   </trkpt>
   <trkpt lat="36.964001" lon="129.412258">
   </trkpt>
   <trkpt lat="36.963371" lon="129.413298">
   </trkpt>
   <trkpt lat="36.963271" lon="129.413698">
   </trkpt>
   <trkpt lat="36.963491" lon="129.414528">
   </trkpt>
   <trkpt lat="36.962661" lon="129.414558">
   </trkpt>
   <trkpt lat="36.961296" lon="129.414901">
   </trkpt>
   <trkpt lat="36.96012" lon="129.415386">
   </trkpt>
   <trkpt lat="36.958891" lon="129.415828">
   </trkpt>
   <trkpt lat="36.958066" lon="129.416146">
   </trkpt>
   <trkpt lat="36.957281" lon="129.416538">
   </trkpt>
   <trkpt lat="36.956378" lon="129.416959">
   </trkpt>
   <trkpt lat="36.955664" lon="129.417171">
   </trkpt>
   <trkpt lat="36.955345" lon="129.417314">
   </trkpt>
   <trkpt lat="36.955105" lon="129.417483">
   </trkpt>
   <trkpt lat="36.95444" lon="129.418034">
   </trkpt>
   <trkpt lat="36.953861" lon="129.418028">
   </trkpt>
   <trkpt lat="36.952721" lon="129.418128">
   </trkpt>
   <trkpt lat="36.952091" lon="129.418268">
   </trkpt>
   <trkpt lat="36.951221" lon="129.418581">
   </trkpt>
   <trkpt lat="36.950849" lon="129.418745">
   </trkpt>
   <trkpt lat="36.950467" lon="129.418799">
   </trkpt>
   <trkpt lat="36.95026" lon="129.41872">
   </trkpt>
   <trkpt lat="36.950073" lon="129.418579">
   </trkpt>
   <trkpt lat="36.949739" lon="129.418272">
   </trkpt>
   <trkpt lat="36.949576" lon="129.418189">
   </trkpt>
   <trkpt lat="36.949374" lon="129.418155">
   </trkpt>
   <trkpt lat="36.948791" lon="129.417869">
   </trkpt>
   <trkpt lat="36.948191" lon="129.417908">
   </trkpt>
   <trkpt lat="36.947731" lon="129.417958">
   </trkpt>
   <trkpt lat="36.946961" lon="129.418258">
   </trkpt>
   <trkpt lat="36.943991" lon="129.419658">
   </trkpt>
   <trkpt lat="36.943377" lon="129.420101">
   </trkpt>
   <trkpt lat="36.943211" lon="129.420155">
   </trkpt>
   <trkpt lat="36.942588" lon="129.420021">
   </trkpt>
   <trkpt lat="36.941795" lon="129.420024">
   </trkpt>
   <trkpt lat="36.94139" lon="129.420114">
   </trkpt>
   <trkpt lat="36.940745" lon="129.420374">
   </trkpt>
   <trkpt lat="36.940275" lon="129.420729">
   </trkpt>
   <trkpt lat="36.939891" lon="129.420728">
   </trkpt>
   <trkpt lat="36.939631" lon="129.420688">
   </trkpt>
   <trkpt lat="36.939256" lon="129.420592">
   </trkpt>
   <trkpt lat="36.939106" lon="129.420606">
   </trkpt>
   <trkpt lat="36.938786" lon="129.420798">
   </trkpt>
   <trkpt lat="36.938601" lon="129.42083">
   </trkpt>
   <trkpt lat="36.938416" lon="129.420825">
   </trkpt>
   <trkpt lat="36.93822" lon="129.42074">
   </trkpt>
   <trkpt lat="36.937921" lon="129.420569">
   </trkpt>
   <trkpt lat="36.937561" lon="129.420428">
   </trkpt>
   <trkpt lat="36.937181" lon="129.420418">
   </trkpt>
   <trkpt lat="36.936711" lon="129.420528">
   </trkpt>
   <trkpt lat="36.936401" lon="129.420548">
   </trkpt>
   <trkpt lat="36.936161" lon="129.420368">
   </trkpt>
   <trkpt lat="36.936101" lon="129.420228">
   </trkpt>
   <trkpt lat="36.935961" lon="129.419328">
   </trkpt>
   <trkpt lat="36.935881" lon="129.419168">
   </trkpt>
   <trkpt lat="36.935465" lon="129.418974">
   </trkpt>
   <trkpt lat="36.934991" lon="129.418928">
   </trkpt>
   <trkpt lat="36.934351" lon="129.419008">
   </trkpt>
   <trkpt lat="36.934191" lon="129.419048">
   </trkpt>
   <trkpt lat="36.933541" lon="129.418898">
   </trkpt>
   <trkpt lat="36.932931" lon="129.418588">
   </trkpt>
   <trkpt lat="36.932691" lon="129.418398">
   </trkpt>
   <trkpt lat="36.932131" lon="129.417818">
   </trkpt>
   <trkpt lat="36.931591" lon="129.417128">
   </trkpt>
   <trkpt lat="36.931391" lon="129.417028">
   </trkpt>
   <trkpt lat="36.930971" lon="129.416948">
   </trkpt>
   <trkpt lat="36.930351" lon="129.417058">
   </trkpt>
   <trkpt lat="36.929261" lon="129.417308">
   </trkpt>
   <trkpt lat="36.928417" lon="129.417569">
   </trkpt>
   <trkpt lat="36.927909" lon="129.417556">
   </trkpt>
   <trkpt lat="36.927281" lon="129.41771">
   </trkpt>
   <trkpt lat="36.926523" lon="129.41797">
   </trkpt>
   <trkpt lat="36.925802" lon="129.418381">
   </trkpt>
   <trkpt lat="36.925171" lon="129.418459">
   </trkpt>
   <trkpt lat="36.924821" lon="129.418448">
   </trkpt>
   <trkpt lat="36.924641" lon="129.418408">
   </trkpt>
   <trkpt lat="36.924381" lon="129.418388">
   </trkpt>
   <trkpt lat="36.924201" lon="129.418428">
   </trkpt>
   <trkpt lat="36.923529" lon="129.418706">
   </trkpt>
   <trkpt lat="36.923348" lon="129.418834">
   </trkpt>
   <trkpt lat="36.922946" lon="129.419292">
   </trkpt>
   <trkpt lat="36.922764" lon="129.419415">
   </trkpt>
   <trkpt lat="36.922644" lon="129.41944">
   </trkpt>
   <trkpt lat="36.922521" lon="129.419428">
   </trkpt>
   <trkpt lat="36.922351" lon="129.419358">
   </trkpt>
   <trkpt lat="36.922251" lon="129.419198">
   </trkpt>
   <trkpt lat="36.922151" lon="129.418948">
   </trkpt>
   <trkpt lat="36.922091" lon="129.418858">
   </trkpt>
   <trkpt lat="36.921991" lon="129.418768">
   </trkpt>
   <trkpt lat="36.921871" lon="129.418728">
   </trkpt>
   <trkpt lat="36.920981" lon="129.418648">
   </trkpt>
   <trkpt lat="36.920741" lon="129.418658">
   </trkpt>
   <trkpt lat="36.920671" lon="129.418638">
   </trkpt>
   <trkpt lat="36.920555" lon="129.418455">
   </trkpt>
   <trkpt lat="36.920481" lon="129.418408">
   </trkpt>
   <trkpt lat="36.920341" lon="129.418388">
   </trkpt>
   <trkpt lat="36.919731" lon="129.418208">
   </trkpt>
   <trkpt lat="36.919461" lon="129.418178">
   </trkpt>
   <trkpt lat="36.919061" lon="129.417808">
   </trkpt>
   <trkpt lat="36.918921" lon="129.417598">
   </trkpt>
   <trkpt lat="36.918811" lon="129.417238">
   </trkpt>
   <trkpt lat="36.918701" lon="129.416948">
   </trkpt>
   <trkpt lat="36.918421" lon="129.416628">
   </trkpt>
   <trkpt lat="36.918281" lon="129.416538">
   </trkpt>
   <trkpt lat="36.917361" lon="129.416158">
   </trkpt>
   <trkpt lat="36.917244" lon="129.416017">
   </trkpt>
   <trkpt lat="36.917118" lon="129.415807">
   </trkpt>
   <trkpt lat="36.916925" lon="129.415562">
   </trkpt>
   <trkpt lat="36.916784" lon="129.415467">
   </trkpt>
   <trkpt lat="36.916458" lon="129.41538">
   </trkpt>
   <trkpt lat="36.915351" lon="129.415398">
   </trkpt>
   <trkpt lat="36.914252" lon="129.415512">
   </trkpt>
   <trkpt lat="36.913885" lon="129.415624">
   </trkpt>
   <trkpt lat="36.913348" lon="129.416009">
   </trkpt>
   <trkpt lat="36.913101" lon="129.416051">
   </trkpt>
   <trkpt lat="36.912831" lon="129.416068">
   </trkpt>
   <trkpt lat="36.912481" lon="129.416128">
   </trkpt>
   <trkpt lat="36.911913" lon="129.416322">
   </trkpt>
   <trkpt lat="36.911775" lon="129.416475">
   </trkpt>
   <trkpt lat="36.911681" lon="129.41651">
   </trkpt>
   <trkpt lat="36.911405" lon="129.416401">
   </trkpt>
   <trkpt lat="36.911211" lon="129.416408">
   </trkpt>
   <trkpt lat="36.9109" lon="129.416477">
   </trkpt>
   <trkpt lat="36.910718" lon="129.416465">
   </trkpt>
   <trkpt lat="36.910578" lon="129.416399">
   </trkpt>
   <trkpt lat="36.910488" lon="129.416322">
   </trkpt>
   <trkpt lat="36.909851" lon="129.415688">
   </trkpt>
   <trkpt lat="36.909491" lon="129.415508">
   </trkpt>
   <trkpt lat="36.908911" lon="129.415328">
   </trkpt>
   <trkpt lat="36.908671" lon="129.415318">
   </trkpt>
   <trkpt lat="36.907951" lon="129.415438">
   </trkpt>
   <trkpt lat="36.907171" lon="129.415518">
   </trkpt>
   <trkpt lat="36.906848" lon="129.415666">
   </trkpt>
   <trkpt lat="36.906411" lon="129.415958">
   </trkpt>
   <trkpt lat="36.905921" lon="129.416228">
   </trkpt>
   <trkpt lat="36.904211" lon="129.416928">
   </trkpt>
   <trkpt lat="36.902761" lon="129.417558">
   </trkpt>
   <trkpt lat="36.901862" lon="129.41799">
   </trkpt>
   <trkpt lat="36.900731" lon="129.418652">
   </trkpt>
   <trkpt lat="36.899569" lon="129.419188">
   </trkpt>
   <trkpt lat="36.899271" lon="129.419412">
   </trkpt>
   <trkpt lat="36.898903" lon="129.419832">
   </trkpt>
   <trkpt lat="36.898641" lon="129.42006">
   </trkpt>
   <trkpt lat="36.897895" lon="129.420268">
   </trkpt>
   <trkpt lat="36.897495" lon="129.420314">
   </trkpt>
   <trkpt lat="36.896061" lon="129.419948">
   </trkpt>
   <trkpt lat="36.894781" lon="129.419498">
   </trkpt>
   <trkpt lat="36.894601" lon="129.419338">
   </trkpt>
   <trkpt lat="36.894031" lon="129.418678">
   </trkpt>
   <trkpt lat="36.893871" lon="129.418448">
   </trkpt>
   <trkpt lat="36.892931" lon="129.416408">
   </trkpt>
   <trkpt lat="36.892631" lon="129.416048">
   </trkpt>
   <trkpt lat="36.891911" lon="129.415568">
   </trkpt>
   <trkpt lat="36.890921" lon="129.414968">
   </trkpt>
   <trkpt lat="36.890771" lon="129.414918">
   </trkpt>
   <trkpt lat="36.889521" lon="129.415038">
   </trkpt>
   <trkpt lat="36.8887" lon="129.415098">
   </trkpt>
   <trkpt lat="36.888" lon="129.415214">
   </trkpt>
   <trkpt lat="36.886231" lon="129.415588">
   </trkpt>
   <trkpt lat="36.885431" lon="129.415678">
   </trkpt>
   <trkpt lat="36.884471" lon="129.41542">
   </trkpt>
   <trkpt lat="36.884027" lon="129.415585">
   </trkpt>
   <trkpt lat="36.88353" lon="129.415828">
   </trkpt>
   <trkpt lat="36.883215" lon="129.415924">
   </trkpt>
   <trkpt lat="36.882845" lon="129.415896">
   </trkpt>
   <trkpt lat="36.881988" lon="129.416233">
   </trkpt>
   <trkpt lat="36.881596" lon="129.41645">
   </trkpt>
   <trkpt lat="36.881017" lon="129.416902">
   </trkpt>
   <trkpt lat="36.880272" lon="129.417796">
   </trkpt>
   <trkpt lat="36.879882" lon="129.41816">
   </trkpt>
   <trkpt lat="36.879513" lon="129.418443">
   </trkpt>
   <trkpt lat="36.879153" lon="129.41864">
   </trkpt>
   <trkpt lat="36.878635" lon="129.418813">
   </trkpt>
   <trkpt lat="36.877544" lon="129.419048">
   </trkpt>
   <trkpt lat="36.87691" lon="129.41928">
   </trkpt>
   <trkpt lat="36.876703" lon="129.419458">
   </trkpt>
   <trkpt lat="36.876544" lon="129.419676">
   </trkpt>
   <trkpt lat="36.87638" lon="129.420018">
   </trkpt>
   <trkpt lat="36.876238" lon="129.420196">
   </trkpt>
   <trkpt lat="36.876036" lon="129.420325">
   </trkpt>
   <trkpt lat="36.875817" lon="129.42036">
   </trkpt>
   <trkpt lat="36.875495" lon="129.420305">
   </trkpt>
   <trkpt lat="36.874938" lon="129.420168">
   </trkpt>
   <trkpt lat="36.874511" lon="129.420093">
   </trkpt>
   <trkpt lat="36.874167" lon="129.420134">
   </trkpt>
   <trkpt lat="36.87377" lon="129.42024">
   </trkpt>
   <trkpt lat="36.873555" lon="129.420366">
   </trkpt>
   <trkpt lat="36.873069" lon="129.42092">
   </trkpt>
   <trkpt lat="36.872787" lon="129.420916">
   </trkpt>
   <trkpt lat="36.872542" lon="129.420801">
   </trkpt>
   <trkpt lat="36.871769" lon="129.42025">
   </trkpt>
   <trkpt lat="36.871578" lon="129.420159">
   </trkpt>
   <trkpt lat="36.871378" lon="129.420094">
   </trkpt>
   <trkpt lat="36.870966" lon="129.420072">
   </trkpt>
   <trkpt lat="36.870814" lon="129.420018">
   </trkpt>
   <trkpt lat="36.870532" lon="129.419855">
   </trkpt>
   <trkpt lat="36.870198" lon="129.419747">
   </trkpt>
   <trkpt lat="36.869869" lon="129.419676">
   </trkpt>
   <trkpt lat="36.869413" lon="129.419644">
   </trkpt>
   <trkpt lat="36.868663" lon="129.41966">
   </trkpt>
   <trkpt lat="36.868281" lon="129.41973">
   </trkpt>
   <trkpt lat="36.867726" lon="129.41992">
   </trkpt>
   <trkpt lat="36.866976" lon="129.420213">
   </trkpt>
   <trkpt lat="36.865991" lon="129.420625">
   </trkpt>
   <trkpt lat="36.865566" lon="129.420777">
   </trkpt>
   <trkpt lat="36.865102" lon="129.420836">
   </trkpt>
   <trkpt lat="36.864621" lon="129.420923">
   </trkpt>
   <trkpt lat="36.863811" lon="129.421131">
   </trkpt>
   <trkpt lat="36.863364" lon="129.421277">
   </trkpt>
   <trkpt lat="36.862792" lon="129.421432">
   </trkpt>
   <trkpt lat="36.861697" lon="129.421716">
   </trkpt>
   <trkpt lat="36.861457" lon="129.421811">
   </trkpt>
   <trkpt lat="36.86108" lon="129.42208">
   </trkpt>
   <trkpt lat="36.86056" lon="129.42255">
   </trkpt>
   <trkpt lat="36.86032" lon="129.42274">
   </trkpt>
   <trkpt lat="36.85994" lon="129.42298">
   </trkpt>
   <trkpt lat="36.85955" lon="129.42312">
   </trkpt>
   <trkpt lat="36.85843" lon="129.42343">
   </trkpt>
   <trkpt lat="36.85815" lon="129.42355">
   </trkpt>
   <trkpt lat="36.85721" lon="129.4244">
   </trkpt>
   <trkpt lat="36.85689" lon="129.42464">
   </trkpt>
   <trkpt lat="36.85647" lon="129.4248">
   </trkpt>
   <trkpt lat="36.85586" lon="129.42508">
   </trkpt>
   <trkpt lat="36.85474" lon="129.42573">
   </trkpt>
   <trkpt lat="36.85277" lon="129.42673">
   </trkpt>
   <trkpt lat="36.85223" lon="129.42688">
   </trkpt>
   <trkpt lat="36.8515" lon="129.42686">
   </trkpt>
   <trkpt lat="36.85135" lon="129.42689">
   </trkpt>
   <trkpt lat="36.850802" lon="129.427175">
   </trkpt>
   <trkpt lat="36.850272" lon="129.427571">
   </trkpt>
   <trkpt lat="36.849874" lon="129.428002">
   </trkpt>
   <trkpt lat="36.849391" lon="129.428299">
   </trkpt>
   <trkpt lat="36.84851" lon="129.42836">
   </trkpt>
   <trkpt lat="36.84817" lon="129.42849">
   </trkpt>
   <trkpt lat="36.84781" lon="129.42872">
   </trkpt>
   <trkpt lat="36.84768" lon="129.42883">
   </trkpt>
   <trkpt lat="36.84757" lon="129.42895">
   </trkpt>
   <trkpt lat="36.84718" lon="129.42926">
   </trkpt>
   <trkpt lat="36.84595" lon="129.43031">
   </trkpt>
   <trkpt lat="36.84553" lon="129.43063">
   </trkpt>
   <trkpt lat="36.8441" lon="129.43185">
   </trkpt>
   <trkpt lat="36.84334" lon="129.43245">
   </trkpt>
   <trkpt lat="36.84304" lon="129.43273">
   </trkpt>
   <trkpt lat="36.842336" lon="129.433453">
   </trkpt>
   <trkpt lat="36.842153" lon="129.433594">
   </trkpt>
   <trkpt lat="36.841946" lon="129.433705">
   </trkpt>
   <trkpt lat="36.841463" lon="129.433915">
   </trkpt>
   <trkpt lat="36.841379" lon="129.434038">
   </trkpt>
   <trkpt lat="36.841147" lon="129.435203">
   </trkpt>
   <trkpt lat="36.841014" lon="129.435751">
   </trkpt>
   <trkpt lat="36.840876" lon="129.436053">
   </trkpt>
   <trkpt lat="36.840723" lon="129.436293">
   </trkpt>
   <trkpt lat="36.840516" lon="129.436546">
   </trkpt>
   <trkpt lat="36.839317" lon="129.437606">
   </trkpt>
   <trkpt lat="36.837651" lon="129.439572">
   </trkpt>
   <trkpt lat="36.836728" lon="129.440533">
   </trkpt>
   <trkpt lat="36.836274" lon="129.440946">
   </trkpt>
   <trkpt lat="36.835801" lon="129.441285">
   </trkpt>
   <trkpt lat="36.834864" lon="129.441741">
   </trkpt>
   <trkpt lat="36.834746" lon="129.441765">
   </trkpt>
   <trkpt lat="36.834573" lon="129.441759">
   </trkpt>
   <trkpt lat="36.834479" lon="129.441704">
   </trkpt>
   <trkpt lat="36.834114" lon="129.44142">
   </trkpt>
   <trkpt lat="36.833976" lon="129.441402">
   </trkpt>
   <trkpt lat="36.833848" lon="129.441408">
   </trkpt>
   <trkpt lat="36.833587" lon="129.441525">
   </trkpt>
   <trkpt lat="36.833301" lon="129.441778">
   </trkpt>
   <trkpt lat="36.833094" lon="129.442036">
   </trkpt>
   <trkpt lat="36.832714" lon="129.442714">
   </trkpt>
   <trkpt lat="36.832635" lon="129.442819">
   </trkpt>
   <trkpt lat="36.831841" lon="129.44317">
   </trkpt>
   <trkpt lat="36.831604" lon="129.443213">
   </trkpt>
   <trkpt lat="36.831417" lon="129.443226">
   </trkpt>
   <trkpt lat="36.830583" lon="129.443115">
   </trkpt>
   <trkpt lat="36.830307" lon="129.44317">
   </trkpt>
   <trkpt lat="36.830035" lon="129.443312">
   </trkpt>
   <trkpt lat="36.829824" lon="129.443528">
   </trkpt>
   <trkpt lat="36.829542" lon="129.443971">
   </trkpt>
   <trkpt lat="36.829394" lon="129.444261">
   </trkpt>
   <trkpt lat="36.829128" lon="129.44452">
   </trkpt>
   <trkpt lat="36.829074" lon="129.444637">
   </trkpt>
   <trkpt lat="36.829049" lon="129.444877">
   </trkpt>
   <trkpt lat="36.82898" lon="129.445173">
   </trkpt>
   <trkpt lat="36.82898" lon="129.445339">
   </trkpt>
   <trkpt lat="36.828955" lon="129.44553">
   </trkpt>
   <trkpt lat="36.828886" lon="129.445666">
   </trkpt>
   <trkpt lat="36.828743" lon="129.445746">
   </trkpt>
   <trkpt lat="36.828472" lon="129.445752">
   </trkpt>
   <trkpt lat="36.828339" lon="129.445684">
   </trkpt>
   <trkpt lat="36.82791" lon="129.445173">
   </trkpt>
   <trkpt lat="36.827754" lon="129.445143">
   </trkpt>
   <trkpt lat="36.827516" lon="129.445135">
   </trkpt>
   <trkpt lat="36.82707" lon="129.445306">
   </trkpt>
   <trkpt lat="36.825964" lon="129.445973">
   </trkpt>
   <trkpt lat="36.824802" lon="129.446826">
   </trkpt>
   <trkpt lat="36.823507" lon="129.447989">
   </trkpt>
   <trkpt lat="36.822778" lon="129.448575">
   </trkpt>
   <trkpt lat="36.82171" lon="129.449481">
   </trkpt>
   <trkpt lat="36.821492" lon="129.449595">
   </trkpt>
   <trkpt lat="36.821063" lon="129.449778">
   </trkpt>
   <trkpt lat="36.820923" lon="129.449803">
   </trkpt>
   <trkpt lat="36.820373" lon="129.449744">
   </trkpt>
   <trkpt lat="36.820034" lon="129.449744">
   </trkpt>
   <trkpt lat="36.819443" lon="129.449821">
   </trkpt>
   <trkpt lat="36.818294" lon="129.450223">
   </trkpt>
   <trkpt lat="36.817937" lon="129.450299">
   </trkpt>
   <trkpt lat="36.81778" lon="129.450247">
   </trkpt>
   <trkpt lat="36.817461" lon="129.450077">
   </trkpt>
   <trkpt lat="36.817259" lon="129.450028">
   </trkpt>
   <trkpt lat="36.817129" lon="129.45002">
   </trkpt>
   <trkpt lat="36.816914" lon="129.450077">
   </trkpt>
   <trkpt lat="36.81597" lon="129.450491">
   </trkpt>
   <trkpt lat="36.815736" lon="129.450613">
   </trkpt>
   <trkpt lat="36.815157" lon="129.451068">
   </trkpt>
   <trkpt lat="36.814955" lon="129.451166">
   </trkpt>
   <trkpt lat="36.814747" lon="129.451215">
   </trkpt>
   <trkpt lat="36.814584" lon="129.451223">
   </trkpt>
   <trkpt lat="36.814441" lon="129.45119">
   </trkpt>
   <trkpt lat="36.814252" lon="129.451101">
   </trkpt>
   <trkpt lat="36.813594" lon="129.450719">
   </trkpt>
   <trkpt lat="36.813184" lon="129.450548">
   </trkpt>
   <trkpt lat="36.813061" lon="129.450532">
   </trkpt>
   <trkpt lat="36.81293" lon="129.450556">
   </trkpt>
   <trkpt lat="36.812748" lon="129.45067">
   </trkpt>
   <trkpt lat="36.812019" lon="129.451548">
   </trkpt>
   <trkpt lat="36.81075" lon="129.452735">
   </trkpt>
   <trkpt lat="36.810476" lon="129.452873">
   </trkpt>
   <trkpt lat="36.809653" lon="129.453818">
   </trkpt>
   <trkpt lat="36.809143" lon="129.453896">
   </trkpt>
   <trkpt lat="36.809035" lon="129.45396">
   </trkpt>
   <trkpt lat="36.808599" lon="129.454399">
   </trkpt>
   <trkpt lat="36.808485" lon="129.454476">
   </trkpt>
   <trkpt lat="36.808378" lon="129.454505">
   </trkpt>
   <trkpt lat="36.808247" lon="129.454498">
   </trkpt>
   <trkpt lat="36.807142" lon="129.454059">
   </trkpt>
   <trkpt lat="36.807012" lon="129.454066">
   </trkpt>
   <trkpt lat="36.806757" lon="129.454215">
   </trkpt>
   <trkpt lat="36.806615" lon="129.454243">
   </trkpt>
   <trkpt lat="36.806094" lon="129.454207">
   </trkpt>
   <trkpt lat="36.805261" lon="129.453988">
   </trkpt>
   <trkpt lat="36.804643" lon="129.453953">
   </trkpt>
   <trkpt lat="36.804201" lon="129.453967">
   </trkpt>
   <trkpt lat="36.803945" lon="129.454042">
   </trkpt>
   <trkpt lat="36.803872" lon="129.454345">
   </trkpt>
   <trkpt lat="36.803884" lon="129.454536">
   </trkpt>
   <trkpt lat="36.803961" lon="129.455056">
   </trkpt>
   <trkpt lat="36.803956" lon="129.455494">
   </trkpt>
   <trkpt lat="36.803902" lon="129.45587">
   </trkpt>
   <trkpt lat="36.803591" lon="129.456967">
   </trkpt>
   <trkpt lat="36.803009" lon="129.456902">
   </trkpt>
   <trkpt lat="36.803153" lon="129.45733">
   </trkpt>
   <trkpt lat="36.802668" lon="129.45746">
   </trkpt>
   <trkpt lat="36.801046" lon="129.458358">
   </trkpt>
   <trkpt lat="36.798563" lon="129.459801">
   </trkpt>
   <trkpt lat="36.798426" lon="129.459658">
   </trkpt>
   <trkpt lat="36.797924" lon="129.459133">
   </trkpt>
   <trkpt lat="36.797332" lon="129.458374">
   </trkpt>
   <trkpt lat="36.796607" lon="129.457828">
   </trkpt>
   <trkpt lat="36.796386" lon="129.457586">
   </trkpt>
   <trkpt lat="36.796222" lon="129.457262">
   </trkpt>
   <trkpt lat="36.796017" lon="129.456954">
   </trkpt>
   <trkpt lat="36.795773" lon="129.456712">
   </trkpt>
   <trkpt lat="36.795535" lon="129.456529">
   </trkpt>
   <trkpt lat="36.795342" lon="129.456424">
   </trkpt>
   <trkpt lat="36.794777" lon="129.45602">
   </trkpt>
   <trkpt lat="36.79457" lon="129.455811">
   </trkpt>
   <trkpt lat="36.793598" lon="129.454523">
   </trkpt>
   <trkpt lat="36.793253" lon="129.453977">
   </trkpt>
   <trkpt lat="36.792646" lon="129.452629">
   </trkpt>
   <trkpt lat="36.792446" lon="129.451914">
   </trkpt>
   <trkpt lat="36.792286" lon="129.451191">
   </trkpt>
   <trkpt lat="36.792268" lon="129.450842">
   </trkpt>
   <trkpt lat="36.792296" lon="129.450461">
   </trkpt>
   <trkpt lat="36.792383" lon="129.450124">
   </trkpt>
   <trkpt lat="36.792567" lon="129.449844">
   </trkpt>
   <trkpt lat="36.791237" lon="129.449484">
   </trkpt>
   <trkpt lat="36.790131" lon="129.44927">
   </trkpt>
   <trkpt lat="36.789874" lon="129.449268">
   </trkpt>
   <trkpt lat="36.78876" lon="129.449572">
   </trkpt>
   <trkpt lat="36.788029" lon="129.449868">
   </trkpt>
   <trkpt lat="36.787576" lon="129.450159">
   </trkpt>
   <trkpt lat="36.786985" lon="129.450658">
   </trkpt>
   <trkpt lat="36.786934" lon="129.451379">
   </trkpt>
   <trkpt lat="36.786925" lon="129.451936">
   </trkpt>
   <trkpt lat="36.786935" lon="129.452364">
   </trkpt>
   <trkpt lat="36.787251" lon="129.453718">
   </trkpt>
   <trkpt lat="36.787437" lon="129.454656">
   </trkpt>
   <trkpt lat="36.787471" lon="129.455044">
   </trkpt>
   <trkpt lat="36.787485" lon="129.455939">
   </trkpt>
   <trkpt lat="36.787575" lon="129.456679">
   </trkpt>
   <trkpt lat="36.787974" lon="129.458304">
   </trkpt>
   <trkpt lat="36.788041" lon="129.458581">
   </trkpt>
   <trkpt lat="36.78819" lon="129.459101">
   </trkpt>
   <trkpt lat="36.788216" lon="129.459456">
   </trkpt>
   <trkpt lat="36.788105" lon="129.459838">
   </trkpt>
   <trkpt lat="36.787924" lon="129.460099">
   </trkpt>
   <trkpt lat="36.786918" lon="129.460852">
   </trkpt>
   <trkpt lat="36.786627" lon="129.461244">
   </trkpt>
   <trkpt lat="36.786409" lon="129.461707">
   </trkpt>
   <trkpt lat="36.785911" lon="129.46285">
   </trkpt>
   <trkpt lat="36.785477" lon="129.463572">
   </trkpt>
   <trkpt lat="36.784968" lon="129.464079">
   </trkpt>
   <trkpt lat="36.784135" lon="129.464859">
   </trkpt>
   <trkpt lat="36.78333" lon="129.465578">
   </trkpt>
   <trkpt lat="36.782793" lon="129.466188">
   </trkpt>
   <trkpt lat="36.782569" lon="129.466682">
   </trkpt>
   <trkpt lat="36.782455" lon="129.466844">
   </trkpt>
   <trkpt lat="36.782441" lon="129.467383">
   </trkpt>
   <trkpt lat="36.782394" lon="129.467524">
   </trkpt>
   <trkpt lat="36.781814" lon="129.468226">
   </trkpt>
   <trkpt lat="36.781084" lon="129.469285">
   </trkpt>
   <trkpt lat="36.78088" lon="129.469378">
   </trkpt>
   <trkpt lat="36.780237" lon="129.469498">
   </trkpt>
   <trkpt lat="36.779721" lon="129.46986">
   </trkpt>
   <trkpt lat="36.779283" lon="129.470264">
   </trkpt>
   <trkpt lat="36.7788" lon="129.470583">
   </trkpt>
   <trkpt lat="36.778261" lon="129.47081">
   </trkpt>
   <trkpt lat="36.777948" lon="129.470888">
   </trkpt>
   <trkpt lat="36.777545" lon="129.471129">
   </trkpt>
   <trkpt lat="36.776852" lon="129.471236">
   </trkpt>
   <trkpt lat="36.776136" lon="129.471527">
   </trkpt>
   <trkpt lat="36.775551" lon="129.471597">
   </trkpt>
   <trkpt lat="36.775057" lon="129.471683">
   </trkpt>
   <trkpt lat="36.774625" lon="129.471803">
   </trkpt>
   <trkpt lat="36.774295" lon="129.472151">
   </trkpt>
   <trkpt lat="36.773847" lon="129.472683">
   </trkpt>
   <trkpt lat="36.773176" lon="129.473356">
   </trkpt>
   <trkpt lat="36.772563" lon="129.474023">
   </trkpt>
   <trkpt lat="36.772245" lon="129.474413">
   </trkpt>
   <trkpt lat="36.771949" lon="129.474881">
   </trkpt>
   <trkpt lat="36.771603" lon="129.475286">
   </trkpt>
   <trkpt lat="36.771143" lon="129.475548">
   </trkpt>
   <trkpt lat="36.770211" lon="129.475889">
   </trkpt>
   <trkpt lat="36.769557" lon="129.476392">
   </trkpt>
   <trkpt lat="36.768217" lon="129.477683">
   </trkpt>
   <trkpt lat="36.768126" lon="129.47774">
   </trkpt>
   <trkpt lat="36.76766" lon="129.47774">
   </trkpt>
   <trkpt lat="36.766967" lon="129.477591">
   </trkpt>
   <trkpt lat="36.766461" lon="129.477435">
   </trkpt>
   <trkpt lat="36.765927" lon="129.477172">
   </trkpt>
   <trkpt lat="36.765524" lon="129.477115">
   </trkpt>
   <trkpt lat="36.764262" lon="129.476342">
   </trkpt>
   <trkpt lat="36.763808" lon="129.47586">
   </trkpt>
   <trkpt lat="36.763461" lon="129.475442">
   </trkpt>
   <trkpt lat="36.763166" lon="129.474718">
   </trkpt>
   <trkpt lat="36.762273" lon="129.473881">
   </trkpt>
   <trkpt lat="36.761802" lon="129.473548">
   </trkpt>
   <trkpt lat="36.761234" lon="129.472973">
   </trkpt>
   <trkpt lat="36.760949" lon="129.472541">
   </trkpt>
   <trkpt lat="36.760949" lon="129.471981">
   </trkpt>
   <trkpt lat="36.760989" lon="129.47147">
   </trkpt>
   <trkpt lat="36.760915" lon="129.47081">
   </trkpt>
   <trkpt lat="36.760683" lon="129.470257">
   </trkpt>
   <trkpt lat="36.760239" lon="129.469434">
   </trkpt>
   <trkpt lat="36.759824" lon="129.468888">
   </trkpt>
   <trkpt lat="36.759222" lon="129.468505">
   </trkpt>
   <trkpt lat="36.758768" lon="129.46803">
   </trkpt>
   <trkpt lat="36.758125" lon="129.467661">
   </trkpt>
   <trkpt lat="36.757393" lon="129.467434">
   </trkpt>
   <trkpt lat="36.756818" lon="129.467307">
   </trkpt>
   <trkpt lat="36.756421" lon="129.467278">
   </trkpt>
   <trkpt lat="36.755711" lon="129.467441">
   </trkpt>
   <trkpt lat="36.755415" lon="129.46747">
   </trkpt>
   <trkpt lat="36.754716" lon="129.467427">
   </trkpt>
   <trkpt lat="36.753966" lon="129.46742">
   </trkpt>
   <trkpt lat="36.753528" lon="129.467328">
   </trkpt>
   <trkpt lat="36.753295" lon="129.467009">
   </trkpt>
   <trkpt lat="36.753187" lon="129.466073">
   </trkpt>
   <trkpt lat="36.753022" lon="129.465709">
   </trkpt>
   <trkpt lat="36.75233" lon="129.46582">
   </trkpt>
   <trkpt lat="36.75217" lon="129.46582">
   </trkpt>
   <trkpt lat="36.75129" lon="129.46574">
   </trkpt>
   <trkpt lat="36.74941" lon="129.46548">
   </trkpt>
   <trkpt lat="36.749188" lon="129.465386">
   </trkpt>
   <trkpt lat="36.749007" lon="129.465253">
   </trkpt>
   <trkpt lat="36.748823" lon="129.465073">
   </trkpt>
   <trkpt lat="36.748588" lon="129.464739">
   </trkpt>
   <trkpt lat="36.74838" lon="129.46427">
   </trkpt>
   <trkpt lat="36.74806" lon="129.46341">
   </trkpt>
   <trkpt lat="36.74779" lon="129.46292">
   </trkpt>
   <trkpt lat="36.74768" lon="129.46276">
   </trkpt>
   <trkpt lat="36.74745" lon="129.46254">
   </trkpt>
   <trkpt lat="36.747089" lon="129.462349">
   </trkpt>
   <trkpt lat="36.746501" lon="129.462225">
   </trkpt>
   <trkpt lat="36.74511" lon="129.46204">
   </trkpt>
   <trkpt lat="36.7441" lon="129.461961">
   </trkpt>
   <trkpt lat="36.744064" lon="129.462117">
   </trkpt>
   <trkpt lat="36.7441" lon="129.461961">
   </trkpt>
   <trkpt lat="36.743304" lon="129.46194">
   </trkpt>
   <trkpt lat="36.742832" lon="129.461992">
   </trkpt>
   <trkpt lat="36.74171" lon="129.4624">
   </trkpt>
   <trkpt lat="36.740153" lon="129.462907">
   </trkpt>
   <trkpt lat="36.740122" lon="129.464396">
   </trkpt>
   <trkpt lat="36.739817" lon="129.467104">
   </trkpt>
   <trkpt lat="36.739608" lon="129.468709">
   </trkpt>
   <trkpt lat="36.739559" lon="129.469171">
   </trkpt>
   <trkpt lat="36.739447" lon="129.469391">
   </trkpt>
   <trkpt lat="36.739173" lon="129.469452">
   </trkpt>
   <trkpt lat="36.738096" lon="129.469532">
   </trkpt>
   <trkpt lat="36.737051" lon="129.469652">
   </trkpt>
   <trkpt lat="36.736505" lon="129.469813">
   </trkpt>
   <trkpt lat="36.736357" lon="129.469895">
   </trkpt>
   <trkpt lat="36.735504" lon="129.472682">
   </trkpt>
   <trkpt lat="36.735171" lon="129.473643">
   </trkpt>
   <trkpt lat="36.734777" lon="129.474856">
   </trkpt>
   <trkpt lat="36.734513" lon="129.4755">
   </trkpt>
   <trkpt lat="36.734436" lon="129.475589">
   </trkpt>
   <trkpt lat="36.734277" lon="129.475681">
   </trkpt>
   <trkpt lat="36.73356" lon="129.475997">
   </trkpt>
   <trkpt lat="36.73316" lon="129.476105">
   </trkpt>
   <trkpt lat="36.732136" lon="129.475785">
   </trkpt>
   <trkpt lat="36.731752" lon="129.47565">
   </trkpt>
   <trkpt lat="36.731372" lon="129.475573">
   </trkpt>
   <trkpt lat="36.730935" lon="129.475564">
   </trkpt>
   <trkpt lat="36.730395" lon="129.47566">
   </trkpt>
   <trkpt lat="36.729801" lon="129.475837">
   </trkpt>
   <trkpt lat="36.729201" lon="129.475965">
   </trkpt>
   <trkpt lat="36.728198" lon="129.476252">
   </trkpt>
   <trkpt lat="36.727385" lon="129.476557">
   </trkpt>
   <trkpt lat="36.727095" lon="129.476713">
   </trkpt>
   <trkpt lat="36.726839" lon="129.476713">
   </trkpt>
   <trkpt lat="36.726561" lon="129.476613">
   </trkpt>
   <trkpt lat="36.726134" lon="129.476372">
   </trkpt>
   <trkpt lat="36.725816" lon="129.476096">
   </trkpt>
   <trkpt lat="36.725566" lon="129.475791">
   </trkpt>
   <trkpt lat="36.725481" lon="129.475571">
   </trkpt>
   <trkpt lat="36.725498" lon="129.475266">
   </trkpt>
   <trkpt lat="36.725634" lon="129.47467">
   </trkpt>
   <trkpt lat="36.725651" lon="129.474415">
   </trkpt>
   <trkpt lat="36.725623" lon="129.474088">
   </trkpt>
   <trkpt lat="36.725492" lon="129.473833">
   </trkpt>
   <trkpt lat="36.725083" lon="129.473216">
   </trkpt>
   <trkpt lat="36.72478" lon="129.472667">
   </trkpt>
   <trkpt lat="36.724514" lon="129.47232">
   </trkpt>
   <trkpt lat="36.724281" lon="129.472152">
   </trkpt>
   <trkpt lat="36.723542" lon="129.471819">
   </trkpt>
   <trkpt lat="36.723389" lon="129.47178">
   </trkpt>
   <trkpt lat="36.722809" lon="129.471677">
   </trkpt>
   <trkpt lat="36.722456" lon="129.47167">
   </trkpt>
   <trkpt lat="36.721728" lon="129.471528">
   </trkpt>
   <trkpt lat="36.720938" lon="129.471514">
   </trkpt>
   <trkpt lat="36.719773" lon="129.471672">
   </trkpt>
   <trkpt lat="36.719342" lon="129.471629">
   </trkpt>
   <trkpt lat="36.718184" lon="129.471979">
   </trkpt>
   <trkpt lat="36.716761" lon="129.472183">
   </trkpt>
   <trkpt lat="36.715845" lon="129.472524">
   </trkpt>
   <trkpt lat="36.715611" lon="129.472749">
   </trkpt>
   <trkpt lat="36.71504" lon="129.47303">
   </trkpt>
   <trkpt lat="36.713619" lon="129.473649">
   </trkpt>
   <trkpt lat="36.712235" lon="129.474291">
   </trkpt>
   <trkpt lat="36.711648" lon="129.474753">
   </trkpt>
   <trkpt lat="36.71083" lon="129.475314">
   </trkpt>
   <trkpt lat="36.710614" lon="129.475389">
   </trkpt>
   <trkpt lat="36.710375" lon="129.475384">
   </trkpt>
   <trkpt lat="36.709996" lon="129.475327">
   </trkpt>
   <trkpt lat="36.709616" lon="129.475238">
   </trkpt>
   <trkpt lat="36.709314" lon="129.474919">
   </trkpt>
   <trkpt lat="36.708892" lon="129.47455">
   </trkpt>
   <trkpt lat="36.7085" lon="129.47424">
   </trkpt>
   <trkpt lat="36.708104" lon="129.474099">
   </trkpt>
   <trkpt lat="36.707738" lon="129.474049">
   </trkpt>
   <trkpt lat="36.706251" lon="129.47425">
   </trkpt>
   <trkpt lat="36.705726" lon="129.474231">
   </trkpt>
   <trkpt lat="36.704621" lon="129.47444">
   </trkpt>
   <trkpt lat="36.704365" lon="129.474541">
   </trkpt>
   <trkpt lat="36.703928" lon="129.474817">
   </trkpt>
   <trkpt lat="36.703416" lon="129.474996">
   </trkpt>
   <trkpt lat="36.702209" lon="129.475499">
   </trkpt>
   <trkpt lat="36.701949" lon="129.475586">
   </trkpt>
   <trkpt lat="36.701773" lon="129.475555">
   </trkpt>
   <trkpt lat="36.701555" lon="129.475463">
   </trkpt>
   <trkpt lat="36.701322" lon="129.475409">
   </trkpt>
   <trkpt lat="36.701125" lon="129.475423">
   </trkpt>
   <trkpt lat="36.699624" lon="129.475943">
   </trkpt>
   <trkpt lat="36.699255" lon="129.475939">
   </trkpt>
   <trkpt lat="36.698977" lon="129.475673">
   </trkpt>
   <trkpt lat="36.698653" lon="129.475204">
   </trkpt>
   <trkpt lat="36.698474" lon="129.474863">
   </trkpt>
   <trkpt lat="36.698408" lon="129.474438">
   </trkpt>
   <trkpt lat="36.698281" lon="129.474096">
   </trkpt>
   <trkpt lat="36.698066" lon="129.473789">
   </trkpt>
   <trkpt lat="36.697688" lon="129.473464">
   </trkpt>
   <trkpt lat="36.697249" lon="129.473195">
   </trkpt>
   <trkpt lat="36.696964" lon="129.472961">
   </trkpt>
   <trkpt lat="36.696682" lon="129.472573">
   </trkpt>
   <trkpt lat="36.696169" lon="129.471725">
   </trkpt>
   <trkpt lat="36.69606" lon="129.471514">
   </trkpt>
   <trkpt lat="36.695988" lon="129.471233">
   </trkpt>
   <trkpt lat="36.695969" lon="129.470974">
   </trkpt>
   <trkpt lat="36.695986" lon="129.470657">
   </trkpt>
   <trkpt lat="36.695916" lon="129.470267">
   </trkpt>
   <trkpt lat="36.695652" lon="129.469659">
   </trkpt>
   <trkpt lat="36.695371" lon="129.469099">
   </trkpt>
   <trkpt lat="36.695083" lon="129.46879">
   </trkpt>
   <trkpt lat="36.694743" lon="129.468617">
   </trkpt>
   <trkpt lat="36.694418" lon="129.46853">
   </trkpt>
   <trkpt lat="36.693724" lon="129.468197">
   </trkpt>
   <trkpt lat="36.692872" lon="129.467894">
   </trkpt>
   <trkpt lat="36.691706" lon="129.467817">
   </trkpt>
   <trkpt lat="36.691334" lon="129.467827">
   </trkpt>
   <trkpt lat="36.690375" lon="129.467783">
   </trkpt>
   <trkpt lat="36.689768" lon="129.467692">
   </trkpt>
   <trkpt lat="36.689324" lon="129.467804">
   </trkpt>
   <trkpt lat="36.688875" lon="129.467783">
   </trkpt>
   <trkpt lat="36.688684" lon="129.467696">
   </trkpt>
   <trkpt lat="36.688519" lon="129.467492">
   </trkpt>
   <trkpt lat="36.688458" lon="129.467281">
   </trkpt>
   <trkpt lat="36.688442" lon="129.46667">
   </trkpt>
   <trkpt lat="36.688522" lon="129.466464">
   </trkpt>
   <trkpt lat="36.688625" lon="129.466088">
   </trkpt>
   <trkpt lat="36.688638" lon="129.465742">
   </trkpt>
   <trkpt lat="36.688588" lon="129.465599">
   </trkpt>
   <trkpt lat="36.688355" lon="129.46538">
   </trkpt>
   <trkpt lat="36.687459" lon="129.465053">
   </trkpt>
   <trkpt lat="36.686173" lon="129.464499">
   </trkpt>
   <trkpt lat="36.68589" lon="129.464348">
   </trkpt>
   <trkpt lat="36.685751" lon="129.464297">
   </trkpt>
   <trkpt lat="36.685603" lon="129.464252">
   </trkpt>
   <trkpt lat="36.684598" lon="129.464187">
   </trkpt>
   <trkpt lat="36.683841" lon="129.464237">
   </trkpt>
   <trkpt lat="36.683314" lon="129.464228">
   </trkpt>
   <trkpt lat="36.682685" lon="129.464083">
   </trkpt>
   <trkpt lat="36.682415" lon="129.464072">
   </trkpt>
   <trkpt lat="36.682256" lon="129.464093">
   </trkpt>
   <trkpt lat="36.682099" lon="129.464162">
   </trkpt>
   <trkpt lat="36.68192" lon="129.464331">
   </trkpt>
   <trkpt lat="36.681501" lon="129.464659">
   </trkpt>
   <trkpt lat="36.681413" lon="129.464693">
   </trkpt>
   <trkpt lat="36.681278" lon="129.464664">
   </trkpt>
   <trkpt lat="36.681207" lon="129.464725">
   </trkpt>
   <trkpt lat="36.681061" lon="129.464754">
   </trkpt>
   <trkpt lat="36.6808" lon="129.464846">
   </trkpt>
   <trkpt lat="36.680643" lon="129.465008">
   </trkpt>
   <trkpt lat="36.680112" lon="129.465156">
   </trkpt>
   <trkpt lat="36.680034" lon="129.465158">
   </trkpt>
   <trkpt lat="36.67998" lon="129.465141">
   </trkpt>
   <trkpt lat="36.67993" lon="129.465101">
   </trkpt>
   <trkpt lat="36.679777" lon="129.464744">
   </trkpt>
   <trkpt lat="36.679575" lon="129.464387">
   </trkpt>
   <trkpt lat="36.679516" lon="129.464238">
   </trkpt>
   <trkpt lat="36.67934" lon="129.464049">
   </trkpt>
   <trkpt lat="36.679123" lon="129.463911">
   </trkpt>
   <trkpt lat="36.678853" lon="129.46374">
   </trkpt>
   <trkpt lat="36.678834" lon="129.463543">
   </trkpt>
   <trkpt lat="36.67887" lon="129.463369">
   </trkpt>
   <trkpt lat="36.678987" lon="129.463069">
   </trkpt>
   <trkpt lat="36.67909" lon="129.462649">
   </trkpt>
   <trkpt lat="36.679593" lon="129.461279">
   </trkpt>
   <trkpt lat="36.679699" lon="129.461063">
   </trkpt>
   <trkpt lat="36.679935" lon="129.460686">
   </trkpt>
   <trkpt lat="36.680094" lon="129.460505">
   </trkpt>
   <trkpt lat="36.680426" lon="129.460262">
   </trkpt>
   <trkpt lat="36.68055" lon="129.4602">
   </trkpt>
   <trkpt lat="36.681312" lon="129.459916">
   </trkpt>
   <trkpt lat="36.681658" lon="129.459817">
   </trkpt>
   <trkpt lat="36.681869" lon="129.459703">
   </trkpt>
   <trkpt lat="36.682119" lon="129.459228">
   </trkpt>
   <trkpt lat="36.682165" lon="129.458873">
   </trkpt>
   <trkpt lat="36.682142" lon="129.458157">
   </trkpt>
   <trkpt lat="36.682028" lon="129.457441">
   </trkpt>
   <trkpt lat="36.68179" lon="129.45659">
   </trkpt>
   <trkpt lat="36.681425" lon="129.455632">
   </trkpt>
   <trkpt lat="36.680966" lon="129.454667">
   </trkpt>
   <trkpt lat="36.67989" lon="129.452634">
   </trkpt>
   <trkpt lat="36.679594" lon="129.451991">
   </trkpt>
   <trkpt lat="36.679385" lon="129.450669">
   </trkpt>
   <trkpt lat="36.67925" lon="129.45019">
   </trkpt>
   <trkpt lat="36.679067" lon="129.449683">
   </trkpt>
   <trkpt lat="36.678783" lon="129.448714">
   </trkpt>
   <trkpt lat="36.678314" lon="129.447216">
   </trkpt>
   <trkpt lat="36.678174" lon="129.446826">
   </trkpt>
   <trkpt lat="36.677831" lon="129.446263">
   </trkpt>
   <trkpt lat="36.677007" lon="129.444818">
   </trkpt>
   <trkpt lat="36.676361" lon="129.443802">
   </trkpt>
   <trkpt lat="36.675916" lon="129.443013">
   </trkpt>
   <trkpt lat="36.675252" lon="129.442307">
   </trkpt>
   <trkpt lat="36.674297" lon="129.441343">
   </trkpt>
   <trkpt lat="36.672954" lon="129.439907">
   </trkpt>
   <trkpt lat="36.672778" lon="129.439813">
   </trkpt>
   <trkpt lat="36.671997" lon="129.439111">
   </trkpt>
   <trkpt lat="36.670929" lon="129.437944">
   </trkpt>
   <trkpt lat="36.670416" lon="129.437519">
   </trkpt>
   <trkpt lat="36.67009" lon="129.437332">
   </trkpt>
   <trkpt lat="36.669727" lon="129.437019">
   </trkpt>
   <trkpt lat="36.668648" lon="129.436221">
   </trkpt>
   <trkpt lat="36.666904" lon="129.434986">
   </trkpt>
   <trkpt lat="36.666389" lon="129.434657">
   </trkpt>
   <trkpt lat="36.666206" lon="129.434623">
   </trkpt>
   <trkpt lat="36.665925" lon="129.434528">
   </trkpt>
   <trkpt lat="36.664216" lon="129.433612">
   </trkpt>
   <trkpt lat="36.663958" lon="129.433437">
   </trkpt>
   <trkpt lat="36.66371" lon="129.43334">
   </trkpt>
   <trkpt lat="36.662963" lon="129.433117">
   </trkpt>
   <trkpt lat="36.662709" lon="129.433135">
   </trkpt>
   <trkpt lat="36.662308" lon="129.43307">
   </trkpt>
   <trkpt lat="36.662105" lon="129.432948">
   </trkpt>
   <trkpt lat="36.661662" lon="129.432497">
   </trkpt>
   <trkpt lat="36.661404" lon="129.432412">
   </trkpt>
   <trkpt lat="36.660299" lon="129.431712">
   </trkpt>
   <trkpt lat="36.660093" lon="129.431651">
   </trkpt>
   <trkpt lat="36.659908" lon="129.431502">
   </trkpt>
   <trkpt lat="36.659478" lon="129.431062">
   </trkpt>
   <trkpt lat="36.658943" lon="129.430778">
   </trkpt>
   <trkpt lat="36.658512" lon="129.430689">
   </trkpt>
   <trkpt lat="36.657867" lon="129.430738">
   </trkpt>
   <trkpt lat="36.657834" lon="129.430472">
   </trkpt>
   <trkpt lat="36.657621" lon="129.430244">
   </trkpt>
   <trkpt lat="36.656516" lon="129.430127">
   </trkpt>
   <trkpt lat="36.655486" lon="129.430103">
   </trkpt>
   <trkpt lat="36.655252" lon="129.430117">
   </trkpt>
   <trkpt lat="36.654436" lon="129.429989">
   </trkpt>
   <trkpt lat="36.653366" lon="129.429688">
   </trkpt>
   <trkpt lat="36.652812" lon="129.42951">
   </trkpt>
   <trkpt lat="36.65241" lon="129.429237">
   </trkpt>
   <trkpt lat="36.652303" lon="129.429221">
   </trkpt>
   <trkpt lat="36.65167" lon="129.428782">
   </trkpt>
   <trkpt lat="36.650688" lon="129.428409">
   </trkpt>
   <trkpt lat="36.650347" lon="129.428405">
   </trkpt>
   <trkpt lat="36.650052" lon="129.428366">
   </trkpt>
   <trkpt lat="36.649975" lon="129.428323">
   </trkpt>
   <trkpt lat="36.649921" lon="129.428258">
   </trkpt>
   <trkpt lat="36.64974" lon="129.42824">
   </trkpt>
   <trkpt lat="36.64928" lon="129.42805">
   </trkpt>
   <trkpt lat="36.64912" lon="129.42793">
   </trkpt>
   <trkpt lat="36.64811" lon="129.42678">
   </trkpt>
   <trkpt lat="36.6471" lon="129.42557">
   </trkpt>
   <trkpt lat="36.64685" lon="129.42525">
   </trkpt>
   <trkpt lat="36.6466" lon="129.42485">
   </trkpt>
   <trkpt lat="36.64634" lon="129.42403">
   </trkpt>
   <trkpt lat="36.64607" lon="129.42341">
   </trkpt>
   <trkpt lat="36.64585" lon="129.42312">
   </trkpt>
   <trkpt lat="36.64562" lon="129.4229">
   </trkpt>
   <trkpt lat="36.64534" lon="129.4227">
   </trkpt>
   <trkpt lat="36.64522" lon="129.42264">
   </trkpt>
   <trkpt lat="36.64482" lon="129.42254">
   </trkpt>
   <trkpt lat="36.64374" lon="129.42218">
   </trkpt>
   <trkpt lat="36.64345" lon="129.42199">
   </trkpt>
   <trkpt lat="36.643003" lon="129.421546">
   </trkpt>
   <trkpt lat="36.641377" lon="129.419717">
   </trkpt>
   <trkpt lat="36.640947" lon="129.419412">
   </trkpt>
   <trkpt lat="36.640231" lon="129.418181">
   </trkpt>
   <trkpt lat="36.639937" lon="129.417878">
   </trkpt>
   <trkpt lat="36.639578" lon="129.417629">
   </trkpt>
   <trkpt lat="36.639397" lon="129.417359">
   </trkpt>
   <trkpt lat="36.639282" lon="129.417043">
   </trkpt>
   <trkpt lat="36.63921" lon="129.416545">
   </trkpt>
   <trkpt lat="36.639045" lon="129.416293">
   </trkpt>
   <trkpt lat="36.638777" lon="129.415972">
   </trkpt>
   <trkpt lat="36.638542" lon="129.415766">
   </trkpt>
   <trkpt lat="36.638172" lon="129.415544">
   </trkpt>
   <trkpt lat="36.638008" lon="129.415475">
   </trkpt>
   <trkpt lat="36.637505" lon="129.41621">
   </trkpt>
   <trkpt lat="36.637412" lon="129.416306">
   </trkpt>
   <trkpt lat="36.637286" lon="129.416334">
   </trkpt>
   <trkpt lat="36.636777" lon="129.416218">
   </trkpt>
   <trkpt lat="36.636349" lon="129.416197">
   </trkpt>
   <trkpt lat="36.635743" lon="129.416226">
   </trkpt>
   <trkpt lat="36.632604" lon="129.416784">
   </trkpt>
   <trkpt lat="36.631875" lon="129.416792">
   </trkpt>
   <trkpt lat="36.631338" lon="129.416738">
   </trkpt>
   <trkpt lat="36.63072" lon="129.41662">
   </trkpt>
   <trkpt lat="36.63034" lon="129.41647">
   </trkpt>
   <trkpt lat="36.62958" lon="129.41609">
   </trkpt>
   <trkpt lat="36.62911" lon="129.41576">
   </trkpt>
   <trkpt lat="36.62858" lon="129.41526">
   </trkpt>
   <trkpt lat="36.62853" lon="129.41525">
   </trkpt>
   <trkpt lat="36.62815" lon="129.41486">
   </trkpt>
   <trkpt lat="36.62792" lon="129.4146">
   </trkpt>
   <trkpt lat="36.62754" lon="129.41424">
   </trkpt>
   <trkpt lat="36.62713" lon="129.41397">
   </trkpt>
   <trkpt lat="36.62577" lon="129.41349">
   </trkpt>
   <trkpt lat="36.62557" lon="129.4134">
   </trkpt>
   <trkpt lat="36.62506" lon="129.41313">
   </trkpt>
   <trkpt lat="36.62459" lon="129.41271">
   </trkpt>
   <trkpt lat="36.62439" lon="129.41263">
   </trkpt>
   <trkpt lat="36.62371" lon="129.4126">
   </trkpt>
   <trkpt lat="36.62351" lon="129.41253">
   </trkpt>
   <trkpt lat="36.62248" lon="129.41199">
   </trkpt>
   <trkpt lat="36.62231" lon="129.41192">
   </trkpt>
   <trkpt lat="36.62179" lon="129.41185">
   </trkpt>
   <trkpt lat="36.61776" lon="129.41181">
   </trkpt>
   <trkpt lat="36.61485" lon="129.41175">
   </trkpt>
   <trkpt lat="36.61397" lon="129.41177">
   </trkpt>
   <trkpt lat="36.61352" lon="129.41186">
   </trkpt>
   <trkpt lat="36.609018" lon="129.413276">
   </trkpt>
   <trkpt lat="36.608484" lon="129.413379">
   </trkpt>
   <trkpt lat="36.608003" lon="129.413374">
   </trkpt>
   <trkpt lat="36.607493" lon="129.413202">
   </trkpt>
   <trkpt lat="36.606833" lon="129.412895">
   </trkpt>
   <trkpt lat="36.60626" lon="129.412501">
   </trkpt>
   <trkpt lat="36.605961" lon="129.412201">
   </trkpt>
   <trkpt lat="36.604776" lon="129.412488">
   </trkpt>
   <trkpt lat="36.603925" lon="129.4121">
   </trkpt>
   <trkpt lat="36.603217" lon="129.411817">
   </trkpt>
   <trkpt lat="36.602807" lon="129.411539">
   </trkpt>
   <trkpt lat="36.602198" lon="129.411515">
   </trkpt>
   <trkpt lat="36.601664" lon="129.41117">
   </trkpt>
   <trkpt lat="36.601254" lon="129.410997">
   </trkpt>
   <trkpt lat="36.60115" lon="129.410809">
   </trkpt>
   <trkpt lat="36.600824" lon="129.411243">
   </trkpt>
   <trkpt lat="36.600577" lon="129.411734">
   </trkpt>
   <trkpt lat="36.6006" lon="129.411953">
   </trkpt>
   <trkpt lat="36.600577" lon="129.411734">
   </trkpt>
   <trkpt lat="36.600474" lon="129.411576">
   </trkpt>
   <trkpt lat="36.600147" lon="129.411217">
   </trkpt>
   <trkpt lat="36.599261" lon="129.410462">
   </trkpt>
   <trkpt lat="36.598867" lon="129.410146">
   </trkpt>
   <trkpt lat="36.598365" lon="129.409817">
   </trkpt>
   <trkpt lat="36.597922" lon="129.409607">
   </trkpt>
   <trkpt lat="36.596733" lon="129.409265">
   </trkpt>
   <trkpt lat="36.594421" lon="129.408738">
   </trkpt>
   <trkpt lat="36.594173" lon="129.40872">
   </trkpt>
   <trkpt lat="36.593199" lon="129.408831">
   </trkpt>
   <trkpt lat="36.591959" lon="129.408704">
   </trkpt>
   <trkpt lat="36.591724" lon="129.408698">
   </trkpt>
   <trkpt lat="36.590672" lon="129.408749">
   </trkpt>
   <trkpt lat="36.590436" lon="129.408775">
   </trkpt>
   <trkpt lat="36.589734" lon="129.408901">
   </trkpt>
   <trkpt lat="36.586526" lon="129.409601">
   </trkpt>
   <trkpt lat="36.58543" lon="129.409857">
   </trkpt>
   <trkpt lat="36.585123" lon="129.409943">
   </trkpt>
   <trkpt lat="36.582496" lon="129.411241">
   </trkpt>
   <trkpt lat="36.58217" lon="129.411445">
   </trkpt>
   <trkpt lat="36.581856" lon="129.411599">
   </trkpt>
   <trkpt lat="36.580037" lon="129.412813">
   </trkpt>
   <trkpt lat="36.579693" lon="129.412977">
   </trkpt>
   <trkpt lat="36.579493" lon="129.413032">
   </trkpt>
   <trkpt lat="36.579237" lon="129.413151">
   </trkpt>
   <trkpt lat="36.578908" lon="129.413377">
   </trkpt>
   <trkpt lat="36.578091" lon="129.413881">
   </trkpt>
   <trkpt lat="36.577861" lon="129.414049">
   </trkpt>
   <trkpt lat="36.577324" lon="129.414362">
   </trkpt>
   <trkpt lat="36.577073" lon="129.414529">
   </trkpt>
   <trkpt lat="36.576547" lon="129.41491">
   </trkpt>
   <trkpt lat="36.575189" lon="129.415969">
   </trkpt>
   <trkpt lat="36.57429" lon="129.416698">
   </trkpt>
   <trkpt lat="36.571722" lon="129.41854">
   </trkpt>
   <trkpt lat="36.571206" lon="129.418931">
   </trkpt>
   <trkpt lat="36.56871" lon="129.420744">
   </trkpt>
   <trkpt lat="36.567904" lon="129.421599">
   </trkpt>
   <trkpt lat="36.566881" lon="129.422758">
   </trkpt>
   <trkpt lat="36.56646" lon="129.423166">
   </trkpt>
   <trkpt lat="36.566101" lon="129.423616">
   </trkpt>
   <trkpt lat="36.564498" lon="129.425366">
   </trkpt>
   <trkpt lat="36.564028" lon="129.42583">
   </trkpt>
   <trkpt lat="36.563976" lon="129.425957">
   </trkpt>
   <trkpt lat="36.563907" lon="129.426284">
   </trkpt>
   <trkpt lat="36.563898" lon="129.427068">
   </trkpt>
   <trkpt lat="36.563836" lon="129.427637">
   </trkpt>
   <trkpt lat="36.563878" lon="129.428067">
   </trkpt>
   <trkpt lat="36.564149" lon="129.428594">
   </trkpt>
   <trkpt lat="36.564173" lon="129.428749">
   </trkpt>
   <trkpt lat="36.564161" lon="129.428874">
   </trkpt>
   <trkpt lat="36.564121" lon="129.428963">
   </trkpt>
   <trkpt lat="36.563936" lon="129.429205">
   </trkpt>
   <trkpt lat="36.563708" lon="129.42944">
   </trkpt>
   <trkpt lat="36.563602" lon="129.429481">
   </trkpt>
   <trkpt lat="36.563474" lon="129.429492">
   </trkpt>
   <trkpt lat="36.563204" lon="129.42957">
   </trkpt>
   <trkpt lat="36.562966" lon="129.429735">
   </trkpt>
   <trkpt lat="36.562834" lon="129.42985">
   </trkpt>
   <trkpt lat="36.562635" lon="129.430119">
   </trkpt>
   <trkpt lat="36.562521" lon="129.430247">
   </trkpt>
   <trkpt lat="36.562431" lon="129.430289">
   </trkpt>
   <trkpt lat="36.562209" lon="129.430326">
   </trkpt>
   <trkpt lat="36.562079" lon="129.430321">
   </trkpt>
   <trkpt lat="36.561978" lon="129.430345">
   </trkpt>
   <trkpt lat="36.561788" lon="129.430478">
   </trkpt>
   <trkpt lat="36.56157" lon="129.43073">
   </trkpt>
   <trkpt lat="36.561475" lon="129.430809">
   </trkpt>
   <trkpt lat="36.561263" lon="129.430933">
   </trkpt>
   <trkpt lat="36.560504" lon="129.431264">
   </trkpt>
   <trkpt lat="36.560406" lon="129.431336">
   </trkpt>
   <trkpt lat="36.560316" lon="129.431463">
   </trkpt>
   <trkpt lat="36.560287" lon="129.431553">
   </trkpt>
   <trkpt lat="36.560278" lon="129.431963">
   </trkpt>
   <trkpt lat="36.560256" lon="129.432087">
   </trkpt>
   <trkpt lat="36.56017" lon="129.432232">
   </trkpt>
   <trkpt lat="36.560079" lon="129.43232">
   </trkpt>
   <trkpt lat="36.559803" lon="129.432464">
   </trkpt>
   <trkpt lat="36.559721" lon="129.43248">
   </trkpt>
   <trkpt lat="36.558734" lon="129.432355">
   </trkpt>
   <trkpt lat="36.558599" lon="129.43232">
   </trkpt>
   <trkpt lat="36.558517" lon="129.432279">
   </trkpt>
   <trkpt lat="36.558414" lon="129.4322">
   </trkpt>
   <trkpt lat="36.558346" lon="129.432109">
   </trkpt>
   <trkpt lat="36.558076" lon="129.431411">
   </trkpt>
   <trkpt lat="36.558014" lon="129.431306">
   </trkpt>
   <trkpt lat="36.557953" lon="129.431244">
   </trkpt>
   <trkpt lat="36.55787" lon="129.431205">
   </trkpt>
   <trkpt lat="36.557684" lon="129.431245">
   </trkpt>
   <trkpt lat="36.557351" lon="129.431404">
   </trkpt>
   <trkpt lat="36.557163" lon="129.431526">
   </trkpt>
   <trkpt lat="36.557115" lon="129.431602">
   </trkpt>
   <trkpt lat="36.55708" lon="129.431763">
   </trkpt>
   <trkpt lat="36.557033" lon="129.432011">
   </trkpt>
   <trkpt lat="36.557009" lon="129.432287">
   </trkpt>
   <trkpt lat="36.557019" lon="129.432735">
   </trkpt>
   <trkpt lat="36.557066" lon="129.432958">
   </trkpt>
   <trkpt lat="36.557199" lon="129.433364">
   </trkpt>
   <trkpt lat="36.557213" lon="129.433706">
   </trkpt>
   <trkpt lat="36.55717" lon="129.433812">
   </trkpt>
   <trkpt lat="36.556986" lon="129.43403">
   </trkpt>
   <trkpt lat="36.556551" lon="129.434306">
   </trkpt>
   <trkpt lat="36.556343" lon="129.434477">
   </trkpt>
   <trkpt lat="36.556121" lon="129.434718">
   </trkpt>
   <trkpt lat="36.55596" lon="129.434913">
   </trkpt>
   <trkpt lat="36.555692" lon="129.435372">
   </trkpt>
   <trkpt lat="36.555418" lon="129.435725">
   </trkpt>
   <trkpt lat="36.554969" lon="129.436196">
   </trkpt>
   <trkpt lat="36.553711" lon="129.43762">
   </trkpt>
   <trkpt lat="36.553546" lon="129.437767">
   </trkpt>
   <trkpt lat="36.553087" lon="129.437944">
   </trkpt>
   <trkpt lat="36.55295" lon="129.438056">
   </trkpt>
   <trkpt lat="36.552813" lon="129.438232">
   </trkpt>
   <trkpt lat="36.552714" lon="129.438485">
   </trkpt>
   <trkpt lat="36.552496" lon="129.439109">
   </trkpt>
   <trkpt lat="36.552435" lon="129.439379">
   </trkpt>
   <trkpt lat="36.552298" lon="129.439557">
   </trkpt>
   <trkpt lat="36.552175" lon="129.439639">
   </trkpt>
   <trkpt lat="36.551886" lon="129.439757">
   </trkpt>
   <trkpt lat="36.551354" lon="129.439928">
   </trkpt>
   <trkpt lat="36.551082" lon="129.439939">
   </trkpt>
   <trkpt lat="36.550832" lon="129.439898">
   </trkpt>
   <trkpt lat="36.549601" lon="129.439918">
   </trkpt>
   <trkpt lat="36.549456" lon="129.439898">
   </trkpt>
   <trkpt lat="36.549284" lon="129.43984">
   </trkpt>
   <trkpt lat="36.549146" lon="129.439719">
   </trkpt>
   <trkpt lat="36.548875" lon="129.43955">
   </trkpt>
   <trkpt lat="36.548467" lon="129.439408">
   </trkpt>
   <trkpt lat="36.548361" lon="129.439442">
   </trkpt>
   <trkpt lat="36.548269" lon="129.439535">
   </trkpt>
   <trkpt lat="36.548143" lon="129.439618">
   </trkpt>
   <trkpt lat="36.548059" lon="129.439652">
   </trkpt>
   <trkpt lat="36.547873" lon="129.439658">
   </trkpt>
   <trkpt lat="36.547408" lon="129.439605">
   </trkpt>
   <trkpt lat="36.5472" lon="129.439692">
   </trkpt>
   <trkpt lat="36.546883" lon="129.43979">
   </trkpt>
   <trkpt lat="36.546504" lon="129.439787">
   </trkpt>
   <trkpt lat="36.546306" lon="129.439756">
   </trkpt>
   <trkpt lat="36.546103" lon="129.439615">
   </trkpt>
   <trkpt lat="36.545516" lon="129.438958">
   </trkpt>
   <trkpt lat="36.545442" lon="129.438909">
   </trkpt>
   <trkpt lat="36.545295" lon="129.43885">
   </trkpt>
   <trkpt lat="36.545191" lon="129.438841">
   </trkpt>
   <trkpt lat="36.544545" lon="129.438924">
   </trkpt>
   <trkpt lat="36.54346" lon="129.439482">
   </trkpt>
   <trkpt lat="36.543297" lon="129.439547">
   </trkpt>
   <trkpt lat="36.5432" lon="129.439553">
   </trkpt>
   <trkpt lat="36.543052" lon="129.439482">
   </trkpt>
   <trkpt lat="36.542695" lon="129.439245">
   </trkpt>
   <trkpt lat="36.542614" lon="129.439217">
   </trkpt>
   <trkpt lat="36.541734" lon="129.439183">
   </trkpt>
   <trkpt lat="36.541361" lon="129.439149">
   </trkpt>
   <trkpt lat="36.540947" lon="129.439044">
   </trkpt>
   <trkpt lat="36.540613" lon="129.438844">
   </trkpt>
   <trkpt lat="36.539842" lon="129.438144">
   </trkpt>
   <trkpt lat="36.53953" lon="129.437972">
   </trkpt>
   <trkpt lat="36.539387" lon="129.437929">
   </trkpt>
   <trkpt lat="36.539213" lon="129.438006">
   </trkpt>
   <trkpt lat="36.539087" lon="129.438129">
   </trkpt>
   <trkpt lat="36.53902" lon="129.438237">
   </trkpt>
   <trkpt lat="36.538968" lon="129.438369">
   </trkpt>
   <trkpt lat="36.538862" lon="129.43848">
   </trkpt>
   <trkpt lat="36.538738" lon="129.438563">
   </trkpt>
   <trkpt lat="36.538485" lon="129.438693">
   </trkpt>
   <trkpt lat="36.538109" lon="129.438847">
   </trkpt>
   <trkpt lat="36.537963" lon="129.438878">
   </trkpt>
   <trkpt lat="36.537658" lon="129.438903">
   </trkpt>
   <trkpt lat="36.536811" lon="129.43886">
   </trkpt>
   <trkpt lat="36.536531" lon="129.438878">
   </trkpt>
   <trkpt lat="36.536472" lon="129.438906">
   </trkpt>
   <trkpt lat="36.536398" lon="129.438977">
   </trkpt>
   <trkpt lat="36.536162" lon="129.439285">
   </trkpt>
   <trkpt lat="36.536021" lon="129.439393">
   </trkpt>
   <trkpt lat="36.535841" lon="129.439457">
   </trkpt>
   <trkpt lat="36.535694" lon="129.439479">
   </trkpt>
   <trkpt lat="36.535553" lon="129.439467">
   </trkpt>
   <trkpt lat="36.535219" lon="129.43934">
   </trkpt>
   <trkpt lat="36.535107" lon="129.439328">
   </trkpt>
   <trkpt lat="36.534936" lon="129.439328">
   </trkpt>
   <trkpt lat="36.534414" lon="129.439457">
   </trkpt>
   <trkpt lat="36.534305" lon="129.439464">
   </trkpt>
   <trkpt lat="36.533901" lon="129.439374">
   </trkpt>
   <trkpt lat="36.533792" lon="129.439383">
   </trkpt>
   <trkpt lat="36.533592" lon="129.439476">
   </trkpt>
   <trkpt lat="36.533242" lon="129.439714">
   </trkpt>
   <trkpt lat="36.533146" lon="129.439757">
   </trkpt>
   <trkpt lat="36.533057" lon="129.439773">
   </trkpt>
   <trkpt lat="36.532898" lon="129.439724">
   </trkpt>
   <trkpt lat="36.532747" lon="129.43964">
   </trkpt>
   <trkpt lat="36.532583" lon="129.43952">
   </trkpt>
   <trkpt lat="36.532441" lon="129.439479">
   </trkpt>
   <trkpt lat="36.532368" lon="129.439487">
   </trkpt>
   <trkpt lat="36.532241" lon="129.439549">
   </trkpt>
   <trkpt lat="36.532124" lon="129.439635">
   </trkpt>
   <trkpt lat="36.531968" lon="129.439804">
   </trkpt>
   <trkpt lat="36.531744" lon="129.439928">
   </trkpt>
   <trkpt lat="36.531385" lon="129.44001">
   </trkpt>
   <trkpt lat="36.531255" lon="129.439976">
   </trkpt>
   <trkpt lat="36.531114" lon="129.439891">
   </trkpt>
   <trkpt lat="36.530902" lon="129.439686">
   </trkpt>
   <trkpt lat="36.530895" lon="129.439727">
   </trkpt>
   <trkpt lat="36.530732" lon="129.4398">
   </trkpt>
   <trkpt lat="36.530392" lon="129.439784">
   </trkpt>
   <trkpt lat="36.529621" lon="129.439784">
   </trkpt>
   <trkpt lat="36.529099" lon="129.440094">
   </trkpt>
   <trkpt lat="36.52868" lon="129.440532">
   </trkpt>
   <trkpt lat="36.528079" lon="129.440962">
   </trkpt>
   <trkpt lat="36.526204" lon="129.441566">
   </trkpt>
   <trkpt lat="36.525466" lon="129.44158">
   </trkpt>
   <trkpt lat="36.525008" lon="129.441458">
   </trkpt>
   <trkpt lat="36.524505" lon="129.44158">
   </trkpt>
   <trkpt lat="36.52377" lon="129.441585">
   </trkpt>
   <trkpt lat="36.523227" lon="129.441446">
   </trkpt>
   <trkpt lat="36.522744" lon="129.441471">
   </trkpt>
   <trkpt lat="36.521825" lon="129.441925">
   </trkpt>
   <trkpt lat="36.521607" lon="129.442211">
   </trkpt>
   <trkpt lat="36.521483" lon="129.44248">
   </trkpt>
   <trkpt lat="36.521241" lon="129.442747">
   </trkpt>
   <trkpt lat="36.520797" lon="129.442755">
   </trkpt>
   <trkpt lat="36.520503" lon="129.443137">
   </trkpt>
   <trkpt lat="36.520372" lon="129.443284">
   </trkpt>
   <trkpt lat="36.519895" lon="129.443471">
   </trkpt>
   <trkpt lat="36.519444" lon="129.443829">
   </trkpt>
   <trkpt lat="36.518464" lon="129.443829">
   </trkpt>
   <trkpt lat="36.517871" lon="129.443882">
   </trkpt>
   <trkpt lat="36.517657" lon="129.443951">
   </trkpt>
   <trkpt lat="36.51726" lon="129.444376">
   </trkpt>
   <trkpt lat="36.517134" lon="129.444442">
   </trkpt>
   <trkpt lat="36.517004" lon="129.44443">
   </trkpt>
   <trkpt lat="36.516599" lon="129.444304">
   </trkpt>
   <trkpt lat="36.51628" lon="129.444264">
   </trkpt>
   <trkpt lat="36.515955" lon="129.444142">
   </trkpt>
   <trkpt lat="36.515729" lon="129.4439">
   </trkpt>
   <trkpt lat="36.515451" lon="129.443695">
   </trkpt>
   <trkpt lat="36.515112" lon="129.443618">
   </trkpt>
   <trkpt lat="36.51454" lon="129.443651">
   </trkpt>
   <trkpt lat="36.514332" lon="129.443721">
   </trkpt>
   <trkpt lat="36.514171" lon="129.443733">
   </trkpt>
   <trkpt lat="36.513981" lon="129.443687">
   </trkpt>
   <trkpt lat="36.513805" lon="129.443616">
   </trkpt>
   <trkpt lat="36.513313" lon="129.443546">
   </trkpt>
   <trkpt lat="36.512978" lon="129.443422">
   </trkpt>
   <trkpt lat="36.512746" lon="129.443373">
   </trkpt>
   <trkpt lat="36.512605" lon="129.443416">
   </trkpt>
   <trkpt lat="36.51238" lon="129.443589">
   </trkpt>
   <trkpt lat="36.51154" lon="129.443784">
   </trkpt>
   <trkpt lat="36.511426" lon="129.443845">
   </trkpt>
   <trkpt lat="36.510805" lon="129.444382">
   </trkpt>
   <trkpt lat="36.509138" lon="129.443463">
   </trkpt>
   <trkpt lat="36.508568" lon="129.442866">
   </trkpt>
   <trkpt lat="36.507843" lon="129.44318">
   </trkpt>
   <trkpt lat="36.507724" lon="129.443307">
   </trkpt>
   <trkpt lat="36.507419" lon="129.443737">
   </trkpt>
   <trkpt lat="36.507138" lon="129.444091">
   </trkpt>
   <trkpt lat="36.506486" lon="129.442801">
   </trkpt>
   <trkpt lat="36.506297" lon="129.442491">
   </trkpt>
   <trkpt lat="36.506167" lon="129.442322">
   </trkpt>
   <trkpt lat="36.505966" lon="129.442153">
   </trkpt>
   <trkpt lat="36.50516" lon="129.442102">
   </trkpt>
   <trkpt lat="36.502848" lon="129.442079">
   </trkpt>
   <trkpt lat="36.501323" lon="129.442044">
   </trkpt>
   <trkpt lat="36.499794" lon="129.441926">
   </trkpt>
   <trkpt lat="36.499213" lon="129.441836">
   </trkpt>
   <trkpt lat="36.498927" lon="129.441735">
   </trkpt>
   <trkpt lat="36.497539" lon="129.441036">
   </trkpt>
   <trkpt lat="36.49714" lon="129.440765">
   </trkpt>
   <trkpt lat="36.496684" lon="129.440381">
   </trkpt>
   <trkpt lat="36.496357" lon="129.440035">
   </trkpt>
   <trkpt lat="36.49632" lon="129.440193">
   </trkpt>
   <trkpt lat="36.49615" lon="129.44041">
   </trkpt>
   <trkpt lat="36.49586" lon="129.44084">
   </trkpt>
   <trkpt lat="36.495425" lon="129.441428">
   </trkpt>
   <trkpt lat="36.495168" lon="129.441694">
   </trkpt>
   <trkpt lat="36.494569" lon="129.442096">
   </trkpt>
   <trkpt lat="36.49408" lon="129.44257">
   </trkpt>
   <trkpt lat="36.493677" lon="129.442774">
   </trkpt>
   <trkpt lat="36.493363" lon="129.442811">
   </trkpt>
   <trkpt lat="36.493002" lon="129.442778">
   </trkpt>
   <trkpt lat="36.492692" lon="129.442724">
   </trkpt>
   <trkpt lat="36.49251" lon="129.44276">
   </trkpt>
   <trkpt lat="36.49112" lon="129.44322">
   </trkpt>
   <trkpt lat="36.490881" lon="129.443235">
   </trkpt>
   <trkpt lat="36.488942" lon="129.442973">
   </trkpt>
   <trkpt lat="36.488697" lon="129.442895">
   </trkpt>
   <trkpt lat="36.488467" lon="129.44274">
   </trkpt>
   <trkpt lat="36.488243" lon="129.442524">
   </trkpt>
   <trkpt lat="36.48809" lon="129.44233">
   </trkpt>
   <trkpt lat="36.487969" lon="129.442108">
   </trkpt>
   <trkpt lat="36.487409" lon="129.440238">
   </trkpt>
   <trkpt lat="36.487156" lon="129.43979">
   </trkpt>
   <trkpt lat="36.48698" lon="129.439644">
   </trkpt>
   <trkpt lat="36.48667" lon="129.43944">
   </trkpt>
   <trkpt lat="36.48631" lon="129.43891">
   </trkpt>
   <trkpt lat="36.48588" lon="129.438239">
   </trkpt>
   <trkpt lat="36.485705" lon="129.43802">
   </trkpt>
   <trkpt lat="36.485104" lon="129.437415">
   </trkpt>
   <trkpt lat="36.484807" lon="129.437181">
   </trkpt>
   <trkpt lat="36.484518" lon="129.436913">
   </trkpt>
   <trkpt lat="36.484362" lon="129.436646">
   </trkpt>
   <trkpt lat="36.484316" lon="129.436415">
   </trkpt>
   <trkpt lat="36.484348" lon="129.436036">
   </trkpt>
   <trkpt lat="36.484423" lon="129.435701">
   </trkpt>
   <trkpt lat="36.484437" lon="129.435437">
   </trkpt>
   <trkpt lat="36.484407" lon="129.435278">
   </trkpt>
   <trkpt lat="36.484343" lon="129.435091">
   </trkpt>
   <trkpt lat="36.484036" lon="129.434512">
   </trkpt>
   <trkpt lat="36.48387" lon="129.43423">
   </trkpt>
   <trkpt lat="36.483363" lon="129.433826">
   </trkpt>
   <trkpt lat="36.482415" lon="129.433203">
   </trkpt>
   <trkpt lat="36.482236" lon="129.433005">
   </trkpt>
   <trkpt lat="36.48198" lon="129.43261">
   </trkpt>
   <trkpt lat="36.481734" lon="129.43238">
   </trkpt>
   <trkpt lat="36.48145" lon="129.43226">
   </trkpt>
   <trkpt lat="36.48099" lon="129.43217">
   </trkpt>
   <trkpt lat="36.48085" lon="129.43218">
   </trkpt>
   <trkpt lat="36.48018" lon="129.43262">
   </trkpt>
   <trkpt lat="36.479977" lon="129.432633">
   </trkpt>
   <trkpt lat="36.47924" lon="129.4325">
   </trkpt>
   <trkpt lat="36.478765" lon="129.43246">
   </trkpt>
   <trkpt lat="36.478186" lon="129.432514">
   </trkpt>
   <trkpt lat="36.477393" lon="129.432325">
   </trkpt>
   <trkpt lat="36.476988" lon="129.432026">
   </trkpt>
   <trkpt lat="36.476781" lon="129.431953">
   </trkpt>
   <trkpt lat="36.47635" lon="129.43194">
   </trkpt>
   <trkpt lat="36.475438" lon="129.431876">
   </trkpt>
   <trkpt lat="36.475229" lon="129.431897">
   </trkpt>
   <trkpt lat="36.474518" lon="129.432188">
   </trkpt>
   <trkpt lat="36.47423" lon="129.4322">
   </trkpt>
   <trkpt lat="36.473342" lon="129.432142">
   </trkpt>
   <trkpt lat="36.472943" lon="129.431975">
   </trkpt>
   <trkpt lat="36.47281" lon="129.43195">
   </trkpt>
   <trkpt lat="36.4727" lon="129.432">
   </trkpt>
   <trkpt lat="36.472312" lon="129.432351">
   </trkpt>
   <trkpt lat="36.472133" lon="129.432461">
   </trkpt>
   <trkpt lat="36.471913" lon="129.432506">
   </trkpt>
   <trkpt lat="36.471763" lon="129.432571">
   </trkpt>
   <trkpt lat="36.471599" lon="129.432804">
   </trkpt>
   <trkpt lat="36.471569" lon="129.432974">
   </trkpt>
   <trkpt lat="36.471573" lon="129.433316">
   </trkpt>
   <trkpt lat="36.471534" lon="129.433445">
   </trkpt>
   <trkpt lat="36.47138" lon="129.43362">
   </trkpt>
   <trkpt lat="36.471077" lon="129.433804">
   </trkpt>
   <trkpt lat="36.4705" lon="129.434046">
   </trkpt>
   <trkpt lat="36.46984" lon="129.43414">
   </trkpt>
   <trkpt lat="36.46935" lon="129.43432">
   </trkpt>
   <trkpt lat="36.46916" lon="129.43449">
   </trkpt>
   <trkpt lat="36.46875" lon="129.43494">
   </trkpt>
   <trkpt lat="36.468559" lon="129.435099">
   </trkpt>
   <trkpt lat="36.468311" lon="129.435126">
   </trkpt>
   <trkpt lat="36.4677" lon="129.43503">
   </trkpt>
   <trkpt lat="36.46668" lon="129.435">
   </trkpt>
   <trkpt lat="36.46542" lon="129.43513">
   </trkpt>
   <trkpt lat="36.46508" lon="129.43523">
   </trkpt>
   <trkpt lat="36.46447" lon="129.4357">
   </trkpt>
   <trkpt lat="36.464277" lon="129.435814">
   </trkpt>
   <trkpt lat="36.46402" lon="129.435827">
   </trkpt>
   <trkpt lat="36.4637" lon="129.43577">
   </trkpt>
   <trkpt lat="36.4629" lon="129.43575">
   </trkpt>
   <trkpt lat="36.46223" lon="129.4358">
   </trkpt>
   <trkpt lat="36.46183" lon="129.43586">
   </trkpt>
   <trkpt lat="36.461449" lon="129.435982">
   </trkpt>
   <trkpt lat="36.461184" lon="129.436007">
   </trkpt>
   <trkpt lat="36.45971" lon="129.43586">
   </trkpt>
   <trkpt lat="36.45934" lon="129.435849">
   </trkpt>
   <trkpt lat="36.45901" lon="129.435749">
   </trkpt>
   <trkpt lat="36.458753" lon="129.43544">
   </trkpt>
   <trkpt lat="36.45857" lon="129.435298">
   </trkpt>
   <trkpt lat="36.458253" lon="129.435235">
   </trkpt>
   <trkpt lat="36.4575" lon="129.43525">
   </trkpt>
   <trkpt lat="36.45696" lon="129.4352">
   </trkpt>
   <trkpt lat="36.456143" lon="129.43516">
   </trkpt>
   <trkpt lat="36.455911" lon="129.435104">
   </trkpt>
   <trkpt lat="36.455765" lon="129.434959">
   </trkpt>
   <trkpt lat="36.45566" lon="129.43473">
   </trkpt>
   <trkpt lat="36.455466" lon="129.434168">
   </trkpt>
   <trkpt lat="36.455283" lon="129.434023">
   </trkpt>
   <trkpt lat="36.45512" lon="129.433984">
   </trkpt>
   <trkpt lat="36.45499" lon="129.43402">
   </trkpt>
   <trkpt lat="36.454901" lon="129.43409">
   </trkpt>
   <trkpt lat="36.454701" lon="129.434359">
   </trkpt>
   <trkpt lat="36.454569" lon="129.434482">
   </trkpt>
   <trkpt lat="36.454422" lon="129.434557">
   </trkpt>
   <trkpt lat="36.454227" lon="129.434516">
   </trkpt>
   <trkpt lat="36.454075" lon="129.434447">
   </trkpt>
   <trkpt lat="36.45317" lon="129.43425">
   </trkpt>
   <trkpt lat="36.45252" lon="129.43435">
   </trkpt>
   <trkpt lat="36.452249" lon="129.434413">
   </trkpt>
   <trkpt lat="36.45202" lon="129.43437">
   </trkpt>
   <trkpt lat="36.45186" lon="129.43437">
   </trkpt>
   <trkpt lat="36.45154" lon="129.43433">
   </trkpt>
   <trkpt lat="36.451267" lon="129.434351">
   </trkpt>
   <trkpt lat="36.451066" lon="129.434508">
   </trkpt>
   <trkpt lat="36.450857" lon="129.434613">
   </trkpt>
   <trkpt lat="36.44993" lon="129.43464">
   </trkpt>
   <trkpt lat="36.449417" lon="129.43468">
   </trkpt>
   <trkpt lat="36.44908" lon="129.434611">
   </trkpt>
   <trkpt lat="36.44865" lon="129.43432">
   </trkpt>
   <trkpt lat="36.447474" lon="129.433192">
   </trkpt>
   <trkpt lat="36.446958" lon="129.432835">
   </trkpt>
   <trkpt lat="36.446565" lon="129.432648">
   </trkpt>
   <trkpt lat="36.44621" lon="129.432579">
   </trkpt>
   <trkpt lat="36.446031" lon="129.432595">
   </trkpt>
   <trkpt lat="36.445849" lon="129.432741">
   </trkpt>
   <trkpt lat="36.44545" lon="129.43342">
   </trkpt>
   <trkpt lat="36.444935" lon="129.43366">
   </trkpt>
   <trkpt lat="36.44476" lon="129.43378">
   </trkpt>
   <trkpt lat="36.44454" lon="129.434">
   </trkpt>
   <trkpt lat="36.44427" lon="129.43421">
   </trkpt>
   <trkpt lat="36.44403" lon="129.43428">
   </trkpt>
   <trkpt lat="36.44343" lon="129.43433">
   </trkpt>
   <trkpt lat="36.442757" lon="129.43481">
   </trkpt>
   <trkpt lat="36.4426" lon="129.434901">
   </trkpt>
   <trkpt lat="36.44243" lon="129.43489">
   </trkpt>
   <trkpt lat="36.44212" lon="129.43466">
   </trkpt>
   <trkpt lat="36.44187" lon="129.43443">
   </trkpt>
   <trkpt lat="36.44181" lon="129.4343">
   </trkpt>
   <trkpt lat="36.441859" lon="129.433437">
   </trkpt>
   <trkpt lat="36.441835" lon="129.433028">
   </trkpt>
   <trkpt lat="36.44163" lon="129.4328">
   </trkpt>
   <trkpt lat="36.44125" lon="129.43257">
   </trkpt>
   <trkpt lat="36.44105" lon="129.432468">
   </trkpt>
   <trkpt lat="36.44049" lon="129.43229">
   </trkpt>
   <trkpt lat="36.44018" lon="129.43223">
   </trkpt>
   <trkpt lat="36.44" lon="129.43229">
   </trkpt>
   <trkpt lat="36.43967" lon="129.43262">
   </trkpt>
   <trkpt lat="36.4393" lon="129.43273">
   </trkpt>
   <trkpt lat="36.43895" lon="129.43273">
   </trkpt>
   <trkpt lat="36.43856" lon="129.43254">
   </trkpt>
   <trkpt lat="36.43816" lon="129.43237">
   </trkpt>
   <trkpt lat="36.43789" lon="129.43233">
   </trkpt>
   <trkpt lat="36.43744" lon="129.43236">
   </trkpt>
   <trkpt lat="36.43706" lon="129.43252">
   </trkpt>
   <trkpt lat="36.4367" lon="129.43276">
   </trkpt>
   <trkpt lat="36.43637" lon="129.43302">
   </trkpt>
   <trkpt lat="36.435969" lon="129.433192">
   </trkpt>
   <trkpt lat="36.43534" lon="129.4332">
   </trkpt>
   <trkpt lat="36.43511" lon="129.43335">
   </trkpt>
   <trkpt lat="36.43482" lon="129.43351">
   </trkpt>
   <trkpt lat="36.43449" lon="129.43358">
   </trkpt>
   <trkpt lat="36.434214" lon="129.433604">
   </trkpt>
   <trkpt lat="36.43344" lon="129.43354">
   </trkpt>
   <trkpt lat="36.432751" lon="129.43323">
   </trkpt>
   <trkpt lat="36.432517" lon="129.433293">
   </trkpt>
   <trkpt lat="36.43226" lon="129.43342">
   </trkpt>
   <trkpt lat="36.43214" lon="129.43358">
   </trkpt>
   <trkpt lat="36.43203" lon="129.43365">
   </trkpt>
   <trkpt lat="36.431654" lon="129.433818">
   </trkpt>
   <trkpt lat="36.4313" lon="129.43419">
   </trkpt>
   <trkpt lat="36.43117" lon="129.4342">
   </trkpt>
   <trkpt lat="36.43105" lon="129.43417">
   </trkpt>
   <trkpt lat="36.43076" lon="129.43396">
   </trkpt>
   <trkpt lat="36.43054" lon="129.43397">
   </trkpt>
   <trkpt lat="36.430307" lon="129.434065">
   </trkpt>
   <trkpt lat="36.430101" lon="129.433991">
   </trkpt>
   <trkpt lat="36.429959" lon="129.433897">
   </trkpt>
   <trkpt lat="36.429806" lon="129.433741">
   </trkpt>
   <trkpt lat="36.429588" lon="129.433611">
   </trkpt>
   <trkpt lat="36.42943" lon="129.433585">
   </trkpt>
   <trkpt lat="36.42913" lon="129.43363">
   </trkpt>
   <trkpt lat="36.428869" lon="129.433788">
   </trkpt>
   <trkpt lat="36.428701" lon="129.433973">
   </trkpt>
   <trkpt lat="36.428536" lon="129.434314">
   </trkpt>
   <trkpt lat="36.428477" lon="129.434473">
   </trkpt>
   <trkpt lat="36.42825" lon="129.43476">
   </trkpt>
   <trkpt lat="36.42811" lon="129.43479">
   </trkpt>
   <trkpt lat="36.42773" lon="129.4348">
   </trkpt>
   <trkpt lat="36.4275" lon="129.43476">
   </trkpt>
   <trkpt lat="36.427277" lon="129.43478">
   </trkpt>
   <trkpt lat="36.427107" lon="129.434698">
   </trkpt>
   <trkpt lat="36.42689" lon="129.43462">
   </trkpt>
   <trkpt lat="36.42668" lon="129.43437">
   </trkpt>
   <trkpt lat="36.42652" lon="129.43412">
   </trkpt>
   <trkpt lat="36.42635" lon="129.43402">
   </trkpt>
   <trkpt lat="36.42602" lon="129.43398">
   </trkpt>
   <trkpt lat="36.42576" lon="129.43397">
   </trkpt>
   <trkpt lat="36.425592" lon="129.434059">
   </trkpt>
   <trkpt lat="36.425452" lon="129.434267">
   </trkpt>
   <trkpt lat="36.42524" lon="129.43444">
   </trkpt>
   <trkpt lat="36.42512" lon="129.43444">
   </trkpt>
   <trkpt lat="36.42482" lon="129.43429">
   </trkpt>
   <trkpt lat="36.42436" lon="129.43397">
   </trkpt>
   <trkpt lat="36.42432" lon="129.43388">
   </trkpt>
   <trkpt lat="36.42392" lon="129.43363">
   </trkpt>
   <trkpt lat="36.42365" lon="129.43371">
   </trkpt>
   <trkpt lat="36.42354" lon="129.43381">
   </trkpt>
   <trkpt lat="36.423313" lon="129.433824">
   </trkpt>
   <trkpt lat="36.423169" lon="129.433758">
   </trkpt>
   <trkpt lat="36.42271" lon="129.43318">
   </trkpt>
   <trkpt lat="36.422242" lon="129.432862">
   </trkpt>
   <trkpt lat="36.421882" lon="129.43272">
   </trkpt>
   <trkpt lat="36.421595" lon="129.432689">
   </trkpt>
   <trkpt lat="36.421134" lon="129.432744">
   </trkpt>
   <trkpt lat="36.42027" lon="129.43259">
   </trkpt>
   <trkpt lat="36.42001" lon="129.43248">
   </trkpt>
   <trkpt lat="36.419142" lon="129.43168">
   </trkpt>
   <trkpt lat="36.41874" lon="129.43142">
   </trkpt>
   <trkpt lat="36.41831" lon="129.43117">
   </trkpt>
   <trkpt lat="36.417789" lon="129.430618">
   </trkpt>
   <trkpt lat="36.41751" lon="129.4305">
   </trkpt>
   <trkpt lat="36.41691" lon="129.43034">
   </trkpt>
   <trkpt lat="36.41613" lon="129.43025">
   </trkpt>
   <trkpt lat="36.41559" lon="129.43016">
   </trkpt>
   <trkpt lat="36.41539" lon="129.43009">
   </trkpt>
   <trkpt lat="36.41464" lon="129.429962">
   </trkpt>
   <trkpt lat="36.413568" lon="129.429954">
   </trkpt>
   <trkpt lat="36.413273" lon="129.429915">
   </trkpt>
   <trkpt lat="36.413006" lon="129.429921">
   </trkpt>
   <trkpt lat="36.41249" lon="129.42984">
   </trkpt>
   <trkpt lat="36.412009" lon="129.429701">
   </trkpt>
   <trkpt lat="36.41146" lon="129.42969">
   </trkpt>
   <trkpt lat="36.4112" lon="129.429723">
   </trkpt>
   <trkpt lat="36.410866" lon="129.42968">
   </trkpt>
   <trkpt lat="36.41035" lon="129.42949">
   </trkpt>
   <trkpt lat="36.40922" lon="129.42921">
   </trkpt>
   <trkpt lat="36.40912" lon="129.42915">
   </trkpt>
   <trkpt lat="36.40898" lon="129.42902">
   </trkpt>
   <trkpt lat="36.408425" lon="129.428141">
   </trkpt>
   <trkpt lat="36.408279" lon="129.427973">
   </trkpt>
   <trkpt lat="36.4079" lon="129.42775">
   </trkpt>
   <trkpt lat="36.407268" lon="129.427523">
   </trkpt>
   <trkpt lat="36.40695" lon="129.42737">
   </trkpt>
   <trkpt lat="36.40685" lon="129.42722">
   </trkpt>
   <trkpt lat="36.40679" lon="129.42707">
   </trkpt>
   <trkpt lat="36.406868" lon="129.425922">
   </trkpt>
   <trkpt lat="36.40687" lon="129.42555">
   </trkpt>
   <trkpt lat="36.406844" lon="129.425399">
   </trkpt>
   <trkpt lat="36.40673" lon="129.42524">
   </trkpt>
   <trkpt lat="36.40597" lon="129.42455">
   </trkpt>
   <trkpt lat="36.40537" lon="129.42386">
   </trkpt>
   <trkpt lat="36.40516" lon="129.42366">
   </trkpt>
   <trkpt lat="36.40443" lon="129.42358">
   </trkpt>
   <trkpt lat="36.40406" lon="129.42357">
   </trkpt>
   <trkpt lat="36.40369" lon="129.42339">
   </trkpt>
   <trkpt lat="36.40305" lon="129.423">
   </trkpt>
   <trkpt lat="36.401677" lon="129.421979">
   </trkpt>
   <trkpt lat="36.40128" lon="129.42171">
   </trkpt>
   <trkpt lat="36.4009" lon="129.42153">
   </trkpt>
   <trkpt lat="36.40076" lon="129.42142">
   </trkpt>
   <trkpt lat="36.40048" lon="129.42115">
   </trkpt>
   <trkpt lat="36.40042" lon="129.42106">
   </trkpt>
   <trkpt lat="36.400085" lon="129.420231">
   </trkpt>
   <trkpt lat="36.399959" lon="129.420097">
   </trkpt>
   <trkpt lat="36.399612" lon="129.41983">
   </trkpt>
   <trkpt lat="36.39947" lon="129.41958">
   </trkpt>
   <trkpt lat="36.39903" lon="129.41814">
   </trkpt>
   <trkpt lat="36.3989" lon="129.4178">
   </trkpt>
   <trkpt lat="36.39882" lon="129.41764">
   </trkpt>
   <trkpt lat="36.39863" lon="129.41737">
   </trkpt>
   <trkpt lat="36.39837" lon="129.41706">
   </trkpt>
   <trkpt lat="36.39818" lon="129.4169">
   </trkpt>
   <trkpt lat="36.398" lon="129.41683">
   </trkpt>
   <trkpt lat="36.39775" lon="129.41669">
   </trkpt>
   <trkpt lat="36.39747" lon="129.41656">
   </trkpt>
   <trkpt lat="36.39697" lon="129.41644">
   </trkpt>
   <trkpt lat="36.39667" lon="129.4164">
   </trkpt>
   <trkpt lat="36.396" lon="129.41597">
   </trkpt>
   <trkpt lat="36.39579" lon="129.41588">
   </trkpt>
   <trkpt lat="36.3952" lon="129.41573">
   </trkpt>
   <trkpt lat="36.395" lon="129.41571">
   </trkpt>
   <trkpt lat="36.3948" lon="129.41563">
   </trkpt>
   <trkpt lat="36.39415" lon="129.41507">
   </trkpt>
   <trkpt lat="36.39387" lon="129.41499">
   </trkpt>
   <trkpt lat="36.39374" lon="129.41491">
   </trkpt>
   <trkpt lat="36.39346" lon="129.41482">
   </trkpt>
   <trkpt lat="36.39335" lon="129.41475">
   </trkpt>
   <trkpt lat="36.39311" lon="129.41449">
   </trkpt>
   <trkpt lat="36.39291" lon="129.41431">
   </trkpt>
   <trkpt lat="36.39281" lon="129.41425">
   </trkpt>
   <trkpt lat="36.39242" lon="129.41412">
   </trkpt>
   <trkpt lat="36.39223" lon="129.41401">
   </trkpt>
   <trkpt lat="36.39218" lon="129.41395">
   </trkpt>
   <trkpt lat="36.39205" lon="129.41385">
   </trkpt>
   <trkpt lat="36.3919" lon="129.41366">
   </trkpt>
   <trkpt lat="36.39144" lon="129.41298">
   </trkpt>
   <trkpt lat="36.39064" lon="129.41213">
   </trkpt>
   <trkpt lat="36.39047" lon="129.41193">
   </trkpt>
   <trkpt lat="36.39042" lon="129.41183">
   </trkpt>
   <trkpt lat="36.39034" lon="129.4116">
   </trkpt>
   <trkpt lat="36.39026" lon="129.41143">
   </trkpt>
   <trkpt lat="36.39019" lon="129.41107">
   </trkpt>
   <trkpt lat="36.3902" lon="129.41051">
   </trkpt>
   <trkpt lat="36.39028" lon="129.4101">
   </trkpt>
   <trkpt lat="36.39037" lon="129.40975">
   </trkpt>
   <trkpt lat="36.39042" lon="129.40944">
   </trkpt>
   <trkpt lat="36.39042" lon="129.40895">
   </trkpt>
   <trkpt lat="36.39036" lon="129.40874">
   </trkpt>
   <trkpt lat="36.39008" lon="129.40839">
   </trkpt>
   <trkpt lat="36.38957" lon="129.40765">
   </trkpt>
   <trkpt lat="36.3894" lon="129.407344">
   </trkpt>
   <trkpt lat="36.389202" lon="129.407033">
   </trkpt>
   <trkpt lat="36.389062" lon="129.406906">
   </trkpt>
   <trkpt lat="36.38884" lon="129.4068">
   </trkpt>
   <trkpt lat="36.38746" lon="129.40671">
   </trkpt>
   <trkpt lat="36.38694" lon="129.40663">
   </trkpt>
   <trkpt lat="36.38515" lon="129.40611">
   </trkpt>
   <trkpt lat="36.38468" lon="129.40605">
   </trkpt>
   <trkpt lat="36.38228" lon="129.40584">
   </trkpt>
   <trkpt lat="36.38178" lon="129.40576">
   </trkpt>
   <trkpt lat="36.38107" lon="129.4053">
   </trkpt>
   <trkpt lat="36.38036" lon="129.40475">
   </trkpt>
   <trkpt lat="36.38005" lon="129.40454">
   </trkpt>
   <trkpt lat="36.3796" lon="129.40416">
   </trkpt>
   <trkpt lat="36.37919" lon="129.40374">
   </trkpt>
   <trkpt lat="36.37888" lon="129.40353">
   </trkpt>
   <trkpt lat="36.37853" lon="129.40337">
   </trkpt>
   <trkpt lat="36.3782" lon="129.40328">
   </trkpt>
   <trkpt lat="36.37693" lon="129.40185">
   </trkpt>
   <trkpt lat="36.37677" lon="129.4017">
   </trkpt>
   <trkpt lat="36.3761" lon="129.40123">
   </trkpt>
   <trkpt lat="36.37532" lon="129.4006">
   </trkpt>
   <trkpt lat="36.37511" lon="129.40047">
   </trkpt>
   <trkpt lat="36.3748" lon="129.40032">
   </trkpt>
   <trkpt lat="36.37415" lon="129.40014">
   </trkpt>
   <trkpt lat="36.37377" lon="129.39997">
   </trkpt>
   <trkpt lat="36.37364" lon="129.39985">
   </trkpt>
   <trkpt lat="36.37352" lon="129.39966">
   </trkpt>
   <trkpt lat="36.37333" lon="129.39926">
   </trkpt>
   <trkpt lat="36.37318" lon="129.399">
   </trkpt>
   <trkpt lat="36.37278" lon="129.39863">
   </trkpt>
   <trkpt lat="36.37247" lon="129.39841">
   </trkpt>
   <trkpt lat="36.37221" lon="129.39832">
   </trkpt>
   <trkpt lat="36.37186" lon="129.39826">
   </trkpt>
   <trkpt lat="36.37081" lon="129.39815">
   </trkpt>
   <trkpt lat="36.37054" lon="129.39806">
   </trkpt>
   <trkpt lat="36.37046" lon="129.39799">
   </trkpt>
   <trkpt lat="36.37037" lon="129.39785">
   </trkpt>
   <trkpt lat="36.37032" lon="129.39773">
   </trkpt>
   <trkpt lat="36.37018" lon="129.39711">
   </trkpt>
   <trkpt lat="36.37001" lon="129.39664">
   </trkpt>
   <trkpt lat="36.36981" lon="129.39629">
   </trkpt>
   <trkpt lat="36.36967" lon="129.39617">
   </trkpt>
   <trkpt lat="36.36927" lon="129.39589">
   </trkpt>
   <trkpt lat="36.36864" lon="129.39556">
   </trkpt>
   <trkpt lat="36.36799" lon="129.39479">
   </trkpt>
   <trkpt lat="36.36786" lon="129.3947">
   </trkpt>
   <trkpt lat="36.3675" lon="129.39458">
   </trkpt>
   <trkpt lat="36.36703" lon="129.39436">
   </trkpt>
   <trkpt lat="36.36687" lon="129.39435">
   </trkpt>
   <trkpt lat="36.36679" lon="129.39438">
   </trkpt>
   <trkpt lat="36.36655" lon="129.39452">
   </trkpt>
   <trkpt lat="36.36643" lon="129.39455">
   </trkpt>
   <trkpt lat="36.36619" lon="129.39442">
   </trkpt>
   <trkpt lat="36.36576" lon="129.3941">
   </trkpt>
   <trkpt lat="36.36552" lon="129.39398">
   </trkpt>
   <trkpt lat="36.36516" lon="129.39395">
   </trkpt>
   <trkpt lat="36.364204" lon="129.39406">
   </trkpt>
   <trkpt lat="36.363672" lon="129.394029">
   </trkpt>
   <trkpt lat="36.362546" lon="129.393607">
   </trkpt>
   <trkpt lat="36.362281" lon="129.393441">
   </trkpt>
   <trkpt lat="36.361984" lon="129.393164">
   </trkpt>
   <trkpt lat="36.36172" lon="129.39289">
   </trkpt>
   <trkpt lat="36.36143" lon="129.39265">
   </trkpt>
   <trkpt lat="36.361161" lon="129.392394">
   </trkpt>
   <trkpt lat="36.360405" lon="129.39182">
   </trkpt>
   <trkpt lat="36.360284" lon="129.391528">
   </trkpt>
   <trkpt lat="36.35954" lon="129.39026">
   </trkpt>
   <trkpt lat="36.35953" lon="129.39013">
   </trkpt>
   <trkpt lat="36.359739" lon="129.389342">
   </trkpt>
   <trkpt lat="36.35982" lon="129.38896">
   </trkpt>
   <trkpt lat="36.359874" lon="129.388518">
   </trkpt>
   <trkpt lat="36.3599" lon="129.3879">
   </trkpt>
   <trkpt lat="36.35984" lon="129.38725">
   </trkpt>
   <trkpt lat="36.35977" lon="129.38695">
   </trkpt>
   <trkpt lat="36.35958" lon="129.38637">
   </trkpt>
   <trkpt lat="36.359393" lon="129.385906">
   </trkpt>
   <trkpt lat="36.359261" lon="129.385658">
   </trkpt>
   <trkpt lat="36.35868" lon="129.384822">
   </trkpt>
   <trkpt lat="36.358467" lon="129.384491">
   </trkpt>
   <trkpt lat="36.358436" lon="129.38434">
   </trkpt>
   <trkpt lat="36.358428" lon="129.384206">
   </trkpt>
   <trkpt lat="36.358455" lon="129.383721">
   </trkpt>
   <trkpt lat="36.358546" lon="129.383244">
   </trkpt>
   <trkpt lat="36.358639" lon="129.382914">
   </trkpt>
   <trkpt lat="36.358823" lon="129.382547">
   </trkpt>
   <trkpt lat="36.357671" lon="129.380623">
   </trkpt>
   <trkpt lat="36.357476" lon="129.380306">
   </trkpt>
   <trkpt lat="36.356925" lon="129.380545">
   </trkpt>
   <trkpt lat="36.357018" lon="129.380607">
   </trkpt>
   <trkpt lat="36.357031" lon="129.381458">
   </trkpt>
   <trkpt lat="36.357159" lon="129.382356">
   </trkpt>
   <trkpt lat="36.357194" lon="129.382931">
   </trkpt>
   <trkpt lat="36.357194" lon="129.383141">
   </trkpt>
   <trkpt lat="36.357096" lon="129.383756">
   </trkpt>
   <trkpt lat="36.35671" lon="129.384947">
   </trkpt>
   <trkpt lat="36.35661" lon="129.385429">
   </trkpt>
   <trkpt lat="36.356476" lon="129.38574">
   </trkpt>
   <trkpt lat="36.356344" lon="129.385924">
   </trkpt>
   <trkpt lat="36.356027" lon="129.386246">
   </trkpt>
   <trkpt lat="36.355851" lon="129.386383">
   </trkpt>
   <trkpt lat="36.355411" lon="129.386647">
   </trkpt>
   <trkpt lat="36.355265" lon="129.386712">
   </trkpt>
   <trkpt lat="36.35494" lon="129.386828">
   </trkpt>
   <trkpt lat="36.354503" lon="129.386912">
   </trkpt>
   <trkpt lat="36.353391" lon="129.386942">
   </trkpt>
   <trkpt lat="36.35307" lon="129.386998">
   </trkpt>
   <trkpt lat="36.352729" lon="129.387147">
   </trkpt>
   <trkpt lat="36.352177" lon="129.38744">
   </trkpt>
   <trkpt lat="36.351562" lon="129.387594">
   </trkpt>
   <trkpt lat="36.351361" lon="129.387665">
   </trkpt>
   <trkpt lat="36.350949" lon="129.387872">
   </trkpt>
   <trkpt lat="36.350609" lon="129.388015">
   </trkpt>
   <trkpt lat="36.350384" lon="129.388064">
   </trkpt>
   <trkpt lat="36.349911" lon="129.388079">
   </trkpt>
   <trkpt lat="36.349671" lon="129.388061">
   </trkpt>
   <trkpt lat="36.34925" lon="129.387945">
   </trkpt>
   <trkpt lat="36.349096" lon="129.387933">
   </trkpt>
   <trkpt lat="36.34876" lon="129.387945">
   </trkpt>
   <trkpt lat="36.348592" lon="129.387863">
   </trkpt>
   <trkpt lat="36.347632" lon="129.387071">
   </trkpt>
   <trkpt lat="36.347408" lon="129.386907">
   </trkpt>
   <trkpt lat="36.347027" lon="129.386798">
   </trkpt>
   <trkpt lat="36.345698" lon="129.386481">
   </trkpt>
   <trkpt lat="36.345268" lon="129.386253">
   </trkpt>
   <trkpt lat="36.345082" lon="129.386183">
   </trkpt>
   <trkpt lat="36.344639" lon="129.386096">
   </trkpt>
   <trkpt lat="36.344499" lon="129.386028">
   </trkpt>
   <trkpt lat="36.344356" lon="129.385909">
   </trkpt>
   <trkpt lat="36.344297" lon="129.385667">
   </trkpt>
   <trkpt lat="36.344257" lon="129.385172">
   </trkpt>
   <trkpt lat="36.344059" lon="129.385142">
   </trkpt>
   <trkpt lat="36.344004" lon="129.384944">
   </trkpt>
   <trkpt lat="36.343905" lon="129.384402">
   </trkpt>
   <trkpt lat="36.343778" lon="129.383945">
   </trkpt>
   <trkpt lat="36.343552" lon="129.383583">
   </trkpt>
   <trkpt lat="36.343289" lon="129.383287">
   </trkpt>
   <trkpt lat="36.343071" lon="129.383157">
   </trkpt>
   <trkpt lat="36.342808" lon="129.382899">
   </trkpt>
   <trkpt lat="36.34256" lon="129.382702">
   </trkpt>
   <trkpt lat="36.342276" lon="129.382394">
   </trkpt>
   <trkpt lat="36.342098" lon="129.382235">
   </trkpt>
   <trkpt lat="36.341971" lon="129.382176">
   </trkpt>
   <trkpt lat="36.34138" lon="129.382005">
   </trkpt>
   <trkpt lat="36.34124" lon="129.381937">
   </trkpt>
   <trkpt lat="36.3411" lon="129.381833">
   </trkpt>
   <trkpt lat="36.340925" lon="129.381794">
   </trkpt>
   <trkpt lat="36.339815" lon="129.38198">
   </trkpt>
   <trkpt lat="36.339279" lon="129.382225">
   </trkpt>
   <trkpt lat="36.339122" lon="129.382259">
   </trkpt>
   <trkpt lat="36.338604" lon="129.382173">
   </trkpt>
   <trkpt lat="36.338235" lon="129.382074">
   </trkpt>
   <trkpt lat="36.337864" lon="129.38187">
   </trkpt>
   <trkpt lat="36.337322" lon="129.381319">
   </trkpt>
   <trkpt lat="36.337135" lon="129.381171">
   </trkpt>
   <trkpt lat="36.336726" lon="129.380911">
   </trkpt>
   <trkpt lat="36.336508" lon="129.380795">
   </trkpt>
   <trkpt lat="36.335127" lon="129.380326">
   </trkpt>
   <trkpt lat="36.334827" lon="129.380176">
   </trkpt>
   <trkpt lat="36.334328" lon="129.37983">
   </trkpt>
   <trkpt lat="36.33364" lon="129.379159">
   </trkpt>
   <trkpt lat="36.333487" lon="129.379078">
   </trkpt>
   <trkpt lat="36.333258" lon="129.378923">
   </trkpt>
   <trkpt lat="36.333076" lon="129.37876">
   </trkpt>
   <trkpt lat="36.332999" lon="129.378645">
   </trkpt>
   <trkpt lat="36.332862" lon="129.378521">
   </trkpt>
   <trkpt lat="36.332701" lon="129.378433">
   </trkpt>
   <trkpt lat="36.332871" lon="129.378162">
   </trkpt>
   <trkpt lat="36.33257" lon="129.377935">
   </trkpt>
   <trkpt lat="36.332525" lon="129.377825">
   </trkpt>
   <trkpt lat="36.332129" lon="129.377819">
   </trkpt>
   <trkpt lat="36.332048" lon="129.377941">
   </trkpt>
   <trkpt lat="36.331917" lon="129.377918">
   </trkpt>
   <trkpt lat="36.331521" lon="129.377909">
   </trkpt>
   <trkpt lat="36.331238" lon="129.377959">
   </trkpt>
   <trkpt lat="36.330645" lon="129.378148">
   </trkpt>
   <trkpt lat="36.328421" lon="129.379118">
   </trkpt>
   <trkpt lat="36.326497" lon="129.379759">
   </trkpt>
   <trkpt lat="36.323954" lon="129.380521">
   </trkpt>
   <trkpt lat="36.323172" lon="129.380703">
   </trkpt>
   <trkpt lat="36.322768" lon="129.380696">
   </trkpt>
   <trkpt lat="36.322325" lon="129.380597">
   </trkpt>
   <trkpt lat="36.321751" lon="129.380317">
   </trkpt>
   <trkpt lat="36.321308" lon="129.379914">
   </trkpt>
   <trkpt lat="36.320901" lon="129.379414">
   </trkpt>
   <trkpt lat="36.320679" lon="129.379016">
   </trkpt>
   <trkpt lat="36.320322" lon="129.378524">
   </trkpt>
   <trkpt lat="36.320247" lon="129.379068">
   </trkpt>
   <trkpt lat="36.320112" lon="129.379671">
   </trkpt>
   <trkpt lat="36.319554" lon="129.379107">
   </trkpt>
   <trkpt lat="36.319248" lon="129.378776">
   </trkpt>
   <trkpt lat="36.318964" lon="129.378586">
   </trkpt>
   <trkpt lat="36.318642" lon="129.378449">
   </trkpt>
   <trkpt lat="36.318363" lon="129.378407">
   </trkpt>
   <trkpt lat="36.318099" lon="129.378421">
   </trkpt>
   <trkpt lat="36.317441" lon="129.37851">
   </trkpt>
   <trkpt lat="36.317168" lon="129.378517">
   </trkpt>
   <trkpt lat="36.316872" lon="129.378437">
   </trkpt>
   <trkpt lat="36.316677" lon="129.37834">
   </trkpt>
   <trkpt lat="36.315564" lon="129.378435">
   </trkpt>
   <trkpt lat="36.314956" lon="129.378515">
   </trkpt>
   <trkpt lat="36.313605" lon="129.378612">
   </trkpt>
   <trkpt lat="36.312987" lon="129.378682">
   </trkpt>
   <trkpt lat="36.312456" lon="129.378692">
   </trkpt>
   <trkpt lat="36.311734" lon="129.37877">
   </trkpt>
   <trkpt lat="36.310921" lon="129.37877">
   </trkpt>
   <trkpt lat="36.310173" lon="129.378668">
   </trkpt>
   <trkpt lat="36.309756" lon="129.37855">
   </trkpt>
   <trkpt lat="36.309337" lon="129.378376">
   </trkpt>
   <trkpt lat="36.308847" lon="129.378103">
   </trkpt>
   <trkpt lat="36.307457" lon="129.377116">
   </trkpt>
   <trkpt lat="36.307195" lon="129.376957">
   </trkpt>
   <trkpt lat="36.306917" lon="129.376836">
   </trkpt>
   <trkpt lat="36.306517" lon="129.376745">
   </trkpt>
   <trkpt lat="36.306231" lon="129.376721">
   </trkpt>
   <trkpt lat="36.305684" lon="129.376718">
   </trkpt>
   <trkpt lat="36.305349" lon="129.376755">
   </trkpt>
   <trkpt lat="36.303216" lon="129.377106">
   </trkpt>
   <trkpt lat="36.30259" lon="129.377231">
   </trkpt>
   <trkpt lat="36.301125" lon="129.377475">
   </trkpt>
   <trkpt lat="36.300151" lon="129.377585">
   </trkpt>
   <trkpt lat="36.299918" lon="129.377801">
   </trkpt>
   <trkpt lat="36.299648" lon="129.377983">
   </trkpt>
   <trkpt lat="36.299333" lon="129.378101">
   </trkpt>
   <trkpt lat="36.299029" lon="129.378124">
   </trkpt>
   <trkpt lat="36.298076" lon="129.377853">
   </trkpt>
   <trkpt lat="36.29752" lon="129.377517">
   </trkpt>
   <trkpt lat="36.297225" lon="129.377468">
   </trkpt>
   <trkpt lat="36.296625" lon="129.377444">
   </trkpt>
   <trkpt lat="36.295857" lon="129.377387">
   </trkpt>
   <trkpt lat="36.294969" lon="129.37736">
   </trkpt>
   <trkpt lat="36.294234" lon="129.377292">
   </trkpt>
   <trkpt lat="36.293719" lon="129.377214">
   </trkpt>
   <trkpt lat="36.293409" lon="129.377147">
   </trkpt>
   <trkpt lat="36.292822" lon="129.376968">
   </trkpt>
   <trkpt lat="36.292791" lon="129.376988">
   </trkpt>
   <trkpt lat="36.292358" lon="129.376932">
   </trkpt>
   <trkpt lat="36.291941" lon="129.376828">
   </trkpt>
   <trkpt lat="36.290729" lon="129.376372">
   </trkpt>
   <trkpt lat="36.29057" lon="129.376292">
   </trkpt>
   <trkpt lat="36.290486" lon="129.376082">
   </trkpt>
   <trkpt lat="36.290486" lon="129.375799">
   </trkpt>
   <trkpt lat="36.290536" lon="129.375497">
   </trkpt>
   <trkpt lat="36.290625" lon="129.375238">
   </trkpt>
   <trkpt lat="36.290535" lon="129.375117">
   </trkpt>
   <trkpt lat="36.290258" lon="129.374892">
   </trkpt>
   <trkpt lat="36.290356" lon="129.374663">
   </trkpt>
   <trkpt lat="36.290457" lon="129.374345">
   </trkpt>
   <trkpt lat="36.290585" lon="129.374168">
   </trkpt>
   <trkpt lat="36.290511" lon="129.374094">
   </trkpt>
   <trkpt lat="36.289856" lon="129.373729">
   </trkpt>
   <trkpt lat="36.289357" lon="129.373568">
   </trkpt>
   <trkpt lat="36.288369" lon="129.373305">
   </trkpt>
   <trkpt lat="36.286562" lon="129.372772">
   </trkpt>
   <trkpt lat="36.285066" lon="129.372524">
   </trkpt>
   <trkpt lat="36.28489" lon="129.37253">
   </trkpt>
   <trkpt lat="36.28469" lon="129.37257">
   </trkpt>
   <trkpt lat="36.28388" lon="129.37287">
   </trkpt>
   <trkpt lat="36.28363" lon="129.37301">
   </trkpt>
   <trkpt lat="36.283036" lon="129.373407">
   </trkpt>
   <trkpt lat="36.283147" lon="129.373609">
   </trkpt>
   <trkpt lat="36.283445" lon="129.374027">
   </trkpt>
   <trkpt lat="36.283503" lon="129.374174">
   </trkpt>
   <trkpt lat="36.283513" lon="129.374581">
   </trkpt>
   <trkpt lat="36.282983" lon="129.374663">
   </trkpt>
   <trkpt lat="36.282583" lon="129.374672">
   </trkpt>
   <trkpt lat="36.281844" lon="129.374742">
   </trkpt>
   <trkpt lat="36.281725" lon="129.374397">
   </trkpt>
   <trkpt lat="36.281442" lon="129.374539">
   </trkpt>
   <trkpt lat="36.281064" lon="129.37477">
   </trkpt>
   <trkpt lat="36.280411" lon="129.375234">
   </trkpt>
   <trkpt lat="36.279728" lon="129.375875">
   </trkpt>
   <trkpt lat="36.278039" lon="129.377541">
   </trkpt>
   <trkpt lat="36.277639" lon="129.377889">
   </trkpt>
   <trkpt lat="36.277328" lon="129.378101">
   </trkpt>
   <trkpt lat="36.277036" lon="129.378273">
   </trkpt>
   <trkpt lat="36.276594" lon="129.378461">
   </trkpt>
   <trkpt lat="36.27621" lon="129.378587">
   </trkpt>
   <trkpt lat="36.275848" lon="129.378614">
   </trkpt>
   <trkpt lat="36.275653" lon="129.378734">
   </trkpt>
   <trkpt lat="36.275212" lon="129.378848">
   </trkpt>
   <trkpt lat="36.274934" lon="129.378887">
   </trkpt>
   <trkpt lat="36.274689" lon="129.378883">
   </trkpt>
   <trkpt lat="36.274545" lon="129.378967">
   </trkpt>
   <trkpt lat="36.274397" lon="129.379013">
   </trkpt>
   <trkpt lat="36.273982" lon="129.379044">
   </trkpt>
   <trkpt lat="36.273705" lon="129.378937">
   </trkpt>
   <trkpt lat="36.273582" lon="129.378756">
   </trkpt>
   <trkpt lat="36.273419" lon="129.378422">
   </trkpt>
   <trkpt lat="36.273099" lon="129.378186">
   </trkpt>
   <trkpt lat="36.272926" lon="129.378089">
   </trkpt>
   <trkpt lat="36.272634" lon="129.377812">
   </trkpt>
   <trkpt lat="36.272516" lon="129.377728">
   </trkpt>
   <trkpt lat="36.272191" lon="129.377564">
   </trkpt>
   <trkpt lat="36.27194" lon="129.37737">
   </trkpt>
   <trkpt lat="36.271662" lon="129.376953">
   </trkpt>
   <trkpt lat="36.2713" lon="129.376598">
   </trkpt>
   <trkpt lat="36.270392" lon="129.376222">
   </trkpt>
   <trkpt lat="36.270055" lon="129.375944">
   </trkpt>
   <trkpt lat="36.269772" lon="129.375645">
   </trkpt>
   <trkpt lat="36.268844" lon="129.375722">
   </trkpt>
  </trkseg>
 </trk>
</gpx>
