<?xml version="1.0" encoding="UTF-8"?>
<gpx creator="StravaGPX" version="1.1" xmlns="http://www.topografix.com/GPX/1/1" xmlns:xsi="http://www.w3.org/2001/XMLSchema-instance">
 <metadata>
  <time></time>
 </metadata>
 <wpt lat="38.586567" lon="128.375518">
   <name><![CDATA[통일전망대(민통선내)]]></name>
 </wpt>

 <wpt lat="38.515174" lon="128.417962">
   <name><![CDATA[통일전망대(민통선외)]]></name>
 </wpt>
 
 <wpt lat="38.399104" lon="128.471667">
   <name><![CDATA[북천철교]]></name>
 </wpt>

 <wpt lat="38.240559" lon="128.575129">
   <name><![CDATA[봉포해변인증센터]]></name>
 </wpt>
 
 <wpt lat="38.213637" lon="128.60105">
   <name><![CDATA[영금정인증센터]]></name>
 </wpt>
 
 <wpt lat="38.061977" lon="128.679514">
   <name><![CDATA[동호해변]]></name>
 </wpt>

 <wpt lat="37.918346" lon="128.808183">
   <name><![CDATA[지경공원]]></name>
 </wpt>
 
 <wpt lat="37.805193" lon="128.907325">
   <name><![CDATA[경포해변]]></name>
 </wpt>

 <wpt lat="37.687978" lon="129.037656">
   <name><![CDATA[정동진]]></name>
 </wpt>
 
 <wpt lat="37.589944" lon="129.095027">
   <name><![CDATA[망상해변]]></name>
 </wpt>
 
 <wpt lat="37.476197" lon="129.160003">
   <name><![CDATA[추암촛대바위]]></name>
 </wpt>
 
 <wpt lat="37.418695" lon="129.195765">
   <name><![CDATA[한재공원]]></name>
 </wpt>
 
 <wpt lat="37.22238" lon="129.338957">
   <name><![CDATA[임원]]></name>
 </wpt>
 <trk>
  <name> </name>
  <trkseg>
   <trkpt lat="38.586567" lon="128.375518">
   </trkpt>
   <trkpt lat="38.586303" lon="128.375504">
   </trkpt>
   <trkpt lat="38.586331" lon="128.375874">
   </trkpt>
   <trkpt lat="38.586389" lon="128.376047">
   </trkpt>
   <trkpt lat="38.5866" lon="128.376445">
   </trkpt>
   <trkpt lat="38.586423" lon="128.376572">
   </trkpt>
   <trkpt lat="38.586283" lon="128.376604">
   </trkpt>
   <trkpt lat="38.586181" lon="128.376597">
   </trkpt>
   <trkpt lat="38.585516" lon="128.376218">
   </trkpt>
   <trkpt lat="38.58515" lon="128.375855">
   </trkpt>
   <trkpt lat="38.585073" lon="128.375892">
   </trkpt>
   <trkpt lat="38.584787" lon="128.375311">
   </trkpt>
   <trkpt lat="38.584412" lon="128.374329">
   </trkpt>
   <trkpt lat="38.584181" lon="128.374463">
   </trkpt>
   <trkpt lat="38.583751" lon="128.374417">
   </trkpt>
   <trkpt lat="38.583461" lon="128.374405">
   </trkpt>
   <trkpt lat="38.583269" lon="128.374367">
   </trkpt>
   <trkpt lat="38.583086" lon="128.37416">
   </trkpt>
   <trkpt lat="38.582971" lon="128.373865">
   </trkpt>
   <trkpt lat="38.582856" lon="128.373693">
   </trkpt>
   <trkpt lat="38.582702" lon="128.373558">
   </trkpt>
   <trkpt lat="38.582491" lon="128.373508">
   </trkpt>
   <trkpt lat="38.582289" lon="128.373521">
   </trkpt>
   <trkpt lat="38.582107" lon="128.373693">
   </trkpt>
   <trkpt lat="38.582001" lon="128.373902">
   </trkpt>
   <trkpt lat="38.581713" lon="128.374933">
   </trkpt>
   <trkpt lat="38.581655" lon="128.375425">
   </trkpt>
   <trkpt lat="38.581867" lon="128.376837">
   </trkpt>
   <trkpt lat="38.581876" lon="128.377193">
   </trkpt>
   <trkpt lat="38.581867" lon="128.377402">
   </trkpt>
   <trkpt lat="38.581684" lon="128.378422">
   </trkpt>
   <trkpt lat="38.581694" lon="128.378901">
   </trkpt>
   <trkpt lat="38.581828" lon="128.379687">
   </trkpt>
   <trkpt lat="38.581799" lon="128.379859">
   </trkpt>
   <trkpt lat="38.581704" lon="128.380043">
   </trkpt>
   <trkpt lat="38.581569" lon="128.380227">
   </trkpt>
   <trkpt lat="38.580925" lon="128.380705">
   </trkpt>
   <trkpt lat="38.58034" lon="128.381173">
   </trkpt>
   <trkpt lat="38.577191" lon="128.384428">
   </trkpt>
   <trkpt lat="38.576903" lon="128.384796">
   </trkpt>
   <trkpt lat="38.576442" lon="128.385607">
   </trkpt>
   <trkpt lat="38.576058" lon="128.386516">
   </trkpt>
   <trkpt lat="38.575827" lon="128.387105">
   </trkpt>
   <trkpt lat="38.575604" lon="128.387502">
   </trkpt>
   <trkpt lat="38.575352" lon="128.387871">
   </trkpt>
   <trkpt lat="38.57499" lon="128.388306">
   </trkpt>
   <trkpt lat="38.573129" lon="128.390102">
   </trkpt>
   <trkpt lat="38.57285" lon="128.390336">
   </trkpt>
   <trkpt lat="38.572255" lon="128.390704">
   </trkpt>
   <trkpt lat="38.571794" lon="128.390888">
   </trkpt>
   <trkpt lat="38.571055" lon="128.391073">
   </trkpt>
   <trkpt lat="38.570605" lon="128.391237">
   </trkpt>
   <trkpt lat="38.570259" lon="128.391393">
   </trkpt>
   <trkpt lat="38.569794" lon="128.391662">
   </trkpt>
   <trkpt lat="38.568302" lon="128.39293">
   </trkpt>
   <trkpt lat="38.567612" lon="128.393563">
   </trkpt>
   <trkpt lat="38.564683" lon="128.396148">
   </trkpt>
   <trkpt lat="38.564044" lon="128.39684">
   </trkpt>
   <trkpt lat="38.562512" lon="128.39866">
   </trkpt>
   <trkpt lat="38.560249" lon="128.401405">
   </trkpt>
   <trkpt lat="38.559799" lon="128.40182">
   </trkpt>
   <trkpt lat="38.559484" lon="128.402011">
   </trkpt>
   <trkpt lat="38.559102" lon="128.402184">
   </trkpt>
   <trkpt lat="38.558375" lon="128.402439">
   </trkpt>
   <trkpt lat="38.557543" lon="128.402583">
   </trkpt>
   <trkpt lat="38.556436" lon="128.402817">
   </trkpt>
   <trkpt lat="38.555547" lon="128.403059">
   </trkpt>
   <trkpt lat="38.555332" lon="128.403172">
   </trkpt>
   <trkpt lat="38.555253" lon="128.403271">
   </trkpt>
   <trkpt lat="38.555125" lon="128.403492">
   </trkpt>
   <trkpt lat="38.555018" lon="128.403561">
   </trkpt>
   <trkpt lat="38.554928" lon="128.403544">
   </trkpt>
   <trkpt lat="38.554877" lon="128.403499">
   </trkpt>
   <trkpt lat="38.554826" lon="128.403413">
   </trkpt>
   <trkpt lat="38.554752" lon="128.403076">
   </trkpt>
   <trkpt lat="38.554737" lon="128.402921">
   </trkpt>
   <trkpt lat="38.554689" lon="128.402885">
   </trkpt>
   <trkpt lat="38.554591" lon="128.402901">
   </trkpt>
   <trkpt lat="38.554067" lon="128.403098">
   </trkpt>
   <trkpt lat="38.553101" lon="128.403175">
   </trkpt>
   <trkpt lat="38.552357" lon="128.403159">
   </trkpt>
   <trkpt lat="38.550859" lon="128.402999">
   </trkpt>
   <trkpt lat="38.550044" lon="128.402726">
   </trkpt>
   <trkpt lat="38.543112" lon="128.400994">
   </trkpt>
   <trkpt lat="38.542309" lon="128.400886">
   </trkpt>
   <trkpt lat="38.541856" lon="128.400887">
   </trkpt>
   <trkpt lat="38.541512" lon="128.400912">
   </trkpt>
   <trkpt lat="38.541198" lon="128.401008">
   </trkpt>
   <trkpt lat="38.540334" lon="128.401365">
   </trkpt>
   <trkpt lat="38.538544" lon="128.402178">
   </trkpt>
   <trkpt lat="38.53816" lon="128.402379">
   </trkpt>
   <trkpt lat="38.538068" lon="128.402468">
   </trkpt>
   <trkpt lat="38.537929" lon="128.402562">
   </trkpt>
   <trkpt lat="38.536641" lon="128.40343">
   </trkpt>
   <trkpt lat="38.536449" lon="128.403537">
   </trkpt>
   <trkpt lat="38.536149" lon="128.403637">
   </trkpt>
   <trkpt lat="38.535927" lon="128.403637">
   </trkpt>
   <trkpt lat="38.535612" lon="128.40353">
   </trkpt>
   <trkpt lat="38.535475" lon="128.403543">
   </trkpt>
   <trkpt lat="38.535268" lon="128.403612">
   </trkpt>
   <trkpt lat="38.53453" lon="128.403801">
   </trkpt>
   <trkpt lat="38.534348" lon="128.403889">
   </trkpt>
   <trkpt lat="38.534117" lon="128.404071">
   </trkpt>
   <trkpt lat="38.533881" lon="128.404304">
   </trkpt>
   <trkpt lat="38.533733" lon="128.404385">
   </trkpt>
   <trkpt lat="38.533104" lon="128.404581">
   </trkpt>
   <trkpt lat="38.532794" lon="128.404612">
   </trkpt>
   <trkpt lat="38.532607" lon="128.404568">
   </trkpt>
   <trkpt lat="38.532425" lon="128.404536">
   </trkpt>
   <trkpt lat="38.532036" lon="128.404587">
   </trkpt>
   <trkpt lat="38.531731" lon="128.404694">
   </trkpt>
   <trkpt lat="38.531392" lon="128.404989">
   </trkpt>
   <trkpt lat="38.531254" lon="128.405065">
   </trkpt>
   <trkpt lat="38.530885" lon="128.405027">
   </trkpt>
   <trkpt lat="38.530752" lon="128.405058">
   </trkpt>
   <trkpt lat="38.530486" lon="128.405285">
   </trkpt>
   <trkpt lat="38.530275" lon="128.40553">
   </trkpt>
   <trkpt lat="38.52996" lon="128.40609">
   </trkpt>
   <trkpt lat="38.529842" lon="128.406241">
   </trkpt>
   <trkpt lat="38.529709" lon="128.406297">
   </trkpt>
   <trkpt lat="38.529571" lon="128.406278">
   </trkpt>
   <trkpt lat="38.529429" lon="128.406184">
   </trkpt>
   <trkpt lat="38.529247" lon="128.406165">
   </trkpt>
   <trkpt lat="38.527835" lon="128.406706">
   </trkpt>
   <trkpt lat="38.527618" lon="128.406769">
   </trkpt>
   <trkpt lat="38.52722" lon="128.406737">
   </trkpt>
   <trkpt lat="38.527028" lon="128.406838">
   </trkpt>
   <trkpt lat="38.525709" lon="128.408259">
   </trkpt>
   <trkpt lat="38.525232" lon="128.408649">
   </trkpt>
   <trkpt lat="38.524996" lon="128.408863">
   </trkpt>
   <trkpt lat="38.524716" lon="128.409259">
   </trkpt>
   <trkpt lat="38.523751" lon="128.410184">
   </trkpt>
   <trkpt lat="38.52296" lon="128.410826">
   </trkpt>
   <trkpt lat="38.522695" lon="128.410999">
   </trkpt>
   <trkpt lat="38.522548" lon="128.411166">
   </trkpt>
   <trkpt lat="38.522451" lon="128.411407">
   </trkpt>
   <trkpt lat="38.522389" lon="128.411758">
   </trkpt>
   <trkpt lat="38.52248" lon="128.412115">
   </trkpt>
   <trkpt lat="38.522718" lon="128.412762">
   </trkpt>
   <trkpt lat="38.522718" lon="128.412882">
   </trkpt>
   <trkpt lat="38.522679" lon="128.41302">
   </trkpt>
   <trkpt lat="38.5226" lon="128.413139">
   </trkpt>
   <trkpt lat="38.522423" lon="128.413297">
   </trkpt>
   <trkpt lat="38.522221" lon="128.41341">
   </trkpt>
   <trkpt lat="38.522064" lon="128.413567">
   </trkpt>
   <trkpt lat="38.521892" lon="128.413825">
   </trkpt>
   <trkpt lat="38.521631" lon="128.414372">
   </trkpt>
   <trkpt lat="38.520947" lon="128.415988">
   </trkpt>
   <trkpt lat="38.520834" lon="128.416152">
   </trkpt>
   <trkpt lat="38.520647" lon="128.416372">
   </trkpt>
   <trkpt lat="38.520268" lon="128.416648">
   </trkpt>
   <trkpt lat="38.51937" lon="128.417216">
   </trkpt>
   <trkpt lat="38.51799" lon="128.41778">
   </trkpt>
   <trkpt lat="38.517626" lon="128.417881">
   </trkpt>
   <trkpt lat="38.517286" lon="128.417931">
   </trkpt>
   <trkpt lat="38.517075" lon="128.4179">
   </trkpt>
   <trkpt lat="38.515882" lon="128.417606">
   </trkpt>
   <trkpt lat="38.515697" lon="128.417623">
   </trkpt>
   <trkpt lat="38.51557" lon="128.41766">
   </trkpt>
   <trkpt lat="38.515443" lon="128.417722">
   </trkpt>
   <trkpt lat="38.515174" lon="128.417962">
   </trkpt>
   <trkpt lat="38.514653" lon="128.418626">
   </trkpt>
   <trkpt lat="38.514561" lon="128.418711">
   </trkpt>
   <trkpt lat="38.514207" lon="128.418875">
   </trkpt>
   <trkpt lat="38.514115" lon="128.418892">
   </trkpt>
   <trkpt lat="38.51385" lon="128.418878">
   </trkpt>
   <trkpt lat="38.513679" lon="128.418828">
   </trkpt>
   <trkpt lat="38.513344" lon="128.418627">
   </trkpt>
   <trkpt lat="38.513156" lon="128.418536">
   </trkpt>
   <trkpt lat="38.512798" lon="128.418421">
   </trkpt>
   <trkpt lat="38.512625" lon="128.418402">
   </trkpt>
   <trkpt lat="38.512456" lon="128.418413">
   </trkpt>
   <trkpt lat="38.512069" lon="128.418513">
   </trkpt>
   <trkpt lat="38.510874" lon="128.419069">
   </trkpt>
   <trkpt lat="38.51065" lon="128.419226">
   </trkpt>
   <trkpt lat="38.510481" lon="128.419368">
   </trkpt>
   <trkpt lat="38.509829" lon="128.420028">
   </trkpt>
   <trkpt lat="38.509723" lon="128.420025">
   </trkpt>
   <trkpt lat="38.509635" lon="128.42007">
   </trkpt>
   <trkpt lat="38.507976" lon="128.420384">
   </trkpt>
   <trkpt lat="38.507676" lon="128.420788">
   </trkpt>
   <trkpt lat="38.507214" lon="128.421127">
   </trkpt>
   <trkpt lat="38.50596" lon="128.421815">
   </trkpt>
   <trkpt lat="38.505695" lon="128.422181">
   </trkpt>
   <trkpt lat="38.505261" lon="128.422552">
   </trkpt>
   <trkpt lat="38.504062" lon="128.424832">
   </trkpt>
   <trkpt lat="38.503688" lon="128.426466">
   </trkpt>
   <trkpt lat="38.503338" lon="128.427601">
   </trkpt>
   <trkpt lat="38.503198" lon="128.427842">
   </trkpt>
   <trkpt lat="38.503073" lon="128.428496">
   </trkpt>
   <trkpt lat="38.50304" lon="128.42854">
   </trkpt>
   <trkpt lat="38.503003" lon="128.428542">
   </trkpt>
   <trkpt lat="38.502897" lon="128.428498">
   </trkpt>
   <trkpt lat="38.502698" lon="128.428348">
   </trkpt>
   <trkpt lat="38.502624" lon="128.428149">
   </trkpt>
   <trkpt lat="38.502499" lon="128.42753">
   </trkpt>
   <trkpt lat="38.502425" lon="128.426972">
   </trkpt>
   <trkpt lat="38.502361" lon="128.426888">
   </trkpt>
   <trkpt lat="38.502184" lon="128.426735">
   </trkpt>
   <trkpt lat="38.501679" lon="128.426426">
   </trkpt>
   <trkpt lat="38.501596" lon="128.426345">
   </trkpt>
   <trkpt lat="38.501556" lon="128.426219">
   </trkpt>
   <trkpt lat="38.501541" lon="128.425232">
   </trkpt>
   <trkpt lat="38.50152" lon="128.425093">
   </trkpt>
   <trkpt lat="38.501474" lon="128.425005">
   </trkpt>
   <trkpt lat="38.501338" lon="128.424863">
   </trkpt>
   <trkpt lat="38.501115" lon="128.424736">
   </trkpt>
   <trkpt lat="38.501009" lon="128.424643">
   </trkpt>
   <trkpt lat="38.500866" lon="128.424555">
   </trkpt>
   <trkpt lat="38.500417" lon="128.424382">
   </trkpt>
   <trkpt lat="38.500102" lon="128.424373">
   </trkpt>
   <trkpt lat="38.499893" lon="128.424454">
   </trkpt>
   <trkpt lat="38.499706" lon="128.424576">
   </trkpt>
   <trkpt lat="38.499455" lon="128.424795">
   </trkpt>
   <trkpt lat="38.499324" lon="128.425048">
   </trkpt>
   <trkpt lat="38.499195" lon="128.425398">
   </trkpt>
   <trkpt lat="38.499196" lon="128.42566">
   </trkpt>
   <trkpt lat="38.499172" lon="128.425734">
   </trkpt>
   <trkpt lat="38.499134" lon="128.425771">
   </trkpt>
   <trkpt lat="38.499041" lon="128.425816">
   </trkpt>
   <trkpt lat="38.49902" lon="128.425847">
   </trkpt>
   <trkpt lat="38.49895" lon="128.426203">
   </trkpt>
   <trkpt lat="38.498826" lon="128.426321">
   </trkpt>
   <trkpt lat="38.498417" lon="128.426493">
   </trkpt>
   <trkpt lat="38.498121" lon="128.426646">
   </trkpt>
   <trkpt lat="38.497704" lon="128.427058">
   </trkpt>
   <trkpt lat="38.49735" lon="128.427616">
   </trkpt>
   <trkpt lat="38.49642" lon="128.429538">
   </trkpt>
   <trkpt lat="38.496335" lon="128.429673">
   </trkpt>
   <trkpt lat="38.496265" lon="128.429736">
   </trkpt>
   <trkpt lat="38.496125" lon="128.429775">
   </trkpt>
   <trkpt lat="38.495887" lon="128.429731">
   </trkpt>
   <trkpt lat="38.4955" lon="128.429571">
   </trkpt>
   <trkpt lat="38.495346" lon="128.429527">
   </trkpt>
   <trkpt lat="38.495093" lon="128.429521">
   </trkpt>
   <trkpt lat="38.494854" lon="128.429558">
   </trkpt>
   <trkpt lat="38.494718" lon="128.429481">
   </trkpt>
   <trkpt lat="38.494351" lon="128.42916">
   </trkpt>
   <trkpt lat="38.494115" lon="128.429028">
   </trkpt>
   <trkpt lat="38.493654" lon="128.428876">
   </trkpt>
   <trkpt lat="38.493424" lon="128.428846">
   </trkpt>
   <trkpt lat="38.49329" lon="128.428872">
   </trkpt>
   <trkpt lat="38.491819" lon="128.429434">
   </trkpt>
   <trkpt lat="38.490874" lon="128.429979">
   </trkpt>
   <trkpt lat="38.488079" lon="128.43286">
   </trkpt>
   <trkpt lat="38.487725" lon="128.433351">
   </trkpt>
   <trkpt lat="38.487278" lon="128.434019">
   </trkpt>
   <trkpt lat="38.487063" lon="128.434412">
   </trkpt>
   <trkpt lat="38.486915" lon="128.434774">
   </trkpt>
   <trkpt lat="38.486821" lon="128.435051">
   </trkpt>
   <trkpt lat="38.486741" lon="128.435355">
   </trkpt>
   <trkpt lat="38.486714" lon="128.435558">
   </trkpt>
   <trkpt lat="38.486726" lon="128.435792">
   </trkpt>
   <trkpt lat="38.486778" lon="128.436045">
   </trkpt>
   <trkpt lat="38.487056" lon="128.43672">
   </trkpt>
   <trkpt lat="38.487257" lon="128.437039">
   </trkpt>
   <trkpt lat="38.487358" lon="128.437254">
   </trkpt>
   <trkpt lat="38.487416" lon="128.437449">
   </trkpt>
   <trkpt lat="38.487446" lon="128.437683">
   </trkpt>
   <trkpt lat="38.487408" lon="128.437844">
   </trkpt>
   <trkpt lat="38.487391" lon="128.437913">
   </trkpt>
   <trkpt lat="38.487336" lon="128.438014">
   </trkpt>
   <trkpt lat="38.487266" lon="128.43808">
   </trkpt>
   <trkpt lat="38.487107" lon="128.438154">
   </trkpt>
   <trkpt lat="38.486976" lon="128.438182">
   </trkpt>
   <trkpt lat="38.48687" lon="128.438182">
   </trkpt>
   <trkpt lat="38.486287" lon="128.437944">
   </trkpt>
   <trkpt lat="38.485597" lon="128.437971">
   </trkpt>
   <trkpt lat="38.485411" lon="128.438002">
   </trkpt>
   <trkpt lat="38.485109" lon="128.438135">
   </trkpt>
   <trkpt lat="38.484996" lon="128.438209">
   </trkpt>
   <trkpt lat="38.48488" lon="128.438334">
   </trkpt>
   <trkpt lat="38.484782" lon="128.438498">
   </trkpt>
   <trkpt lat="38.484727" lon="128.438708">
   </trkpt>
   <trkpt lat="38.484648" lon="128.438926">
   </trkpt>
   <trkpt lat="38.484581" lon="128.438981">
   </trkpt>
   <trkpt lat="38.484516" lon="128.438993">
   </trkpt>
   <trkpt lat="38.484352" lon="128.438973">
   </trkpt>
   <trkpt lat="38.484022" lon="128.438739">
   </trkpt>
   <trkpt lat="38.483708" lon="128.438466">
   </trkpt>
   <trkpt lat="38.483488" lon="128.43819">
   </trkpt>
   <trkpt lat="38.483152" lon="128.437843">
   </trkpt>
   <trkpt lat="38.483036" lon="128.4378">
   </trkpt>
   <trkpt lat="38.482911" lon="128.43778">
   </trkpt>
   <trkpt lat="38.48213" lon="128.43787">
   </trkpt>
   <trkpt lat="38.482029" lon="128.437843">
   </trkpt>
   <trkpt lat="38.481861" lon="128.437722">
   </trkpt>
   <trkpt lat="38.481797" lon="128.437457">
   </trkpt>
   <trkpt lat="38.48165" lon="128.436125">
   </trkpt>
   <trkpt lat="38.481632" lon="128.435653">
   </trkpt>
   <trkpt lat="38.481582" lon="128.435478">
   </trkpt>
   <trkpt lat="38.481414" lon="128.435236">
   </trkpt>
   <trkpt lat="38.480768" lon="128.436121">
   </trkpt>
   <trkpt lat="38.480579" lon="128.436324">
   </trkpt>
   <trkpt lat="38.479831" lon="128.436889">
   </trkpt>
   <trkpt lat="38.479752" lon="128.436932">
   </trkpt>
   <trkpt lat="38.479648" lon="128.436936">
   </trkpt>
   <trkpt lat="38.479266" lon="128.436811">
   </trkpt>
   <trkpt lat="38.478885" lon="128.436741">
   </trkpt>
   <trkpt lat="38.47865" lon="128.436768">
   </trkpt>
   <trkpt lat="38.478235" lon="128.436893">
   </trkpt>
   <trkpt lat="38.477576" lon="128.436893">
   </trkpt>
   <trkpt lat="38.477441" lon="128.436924">
   </trkpt>
   <trkpt lat="38.477099" lon="128.437103">
   </trkpt>
   <trkpt lat="38.476828" lon="128.437353">
   </trkpt>
   <trkpt lat="38.476638" lon="128.43756">
   </trkpt>
   <trkpt lat="38.476382" lon="128.437684">
   </trkpt>
   <trkpt lat="38.475366" lon="128.437946">
   </trkpt>
   <trkpt lat="38.474929" lon="128.437965">
   </trkpt>
   <trkpt lat="38.474517" lon="128.437926">
   </trkpt>
   <trkpt lat="38.474075" lon="128.437817">
   </trkpt>
   <trkpt lat="38.473763" lon="128.437803">
   </trkpt>
   <trkpt lat="38.473708" lon="128.438385">
   </trkpt>
   <trkpt lat="38.473737" lon="128.439129">
   </trkpt>
   <trkpt lat="38.47364" lon="128.439689">
   </trkpt>
   <trkpt lat="38.473449" lon="128.440401">
   </trkpt>
   <trkpt lat="38.473243" lon="128.441012">
   </trkpt>
   <trkpt lat="38.473078" lon="128.441371">
   </trkpt>
   <trkpt lat="38.472897" lon="128.441694">
   </trkpt>
   <trkpt lat="38.472738" lon="128.44194">
   </trkpt>
   <trkpt lat="38.472355" lon="128.442468">
   </trkpt>
   <trkpt lat="38.471729" lon="128.443214">
   </trkpt>
   <trkpt lat="38.471225" lon="128.44365">
   </trkpt>
   <trkpt lat="38.470746" lon="128.443983">
   </trkpt>
   <trkpt lat="38.47021" lon="128.44431">
   </trkpt>
   <trkpt lat="38.469742" lon="128.444519">
   </trkpt>
   <trkpt lat="38.469175" lon="128.444637">
   </trkpt>
   <trkpt lat="38.468381" lon="128.444661">
   </trkpt>
   <trkpt lat="38.467857" lon="128.444609">
   </trkpt>
   <trkpt lat="38.467123" lon="128.444284">
   </trkpt>
   <trkpt lat="38.466198" lon="128.443778">
   </trkpt>
   <trkpt lat="38.464815" lon="128.443109">
   </trkpt>
   <trkpt lat="38.464109" lon="128.442725">
   </trkpt>
   <trkpt lat="38.463682" lon="128.442533">
   </trkpt>
   <trkpt lat="38.463523" lon="128.442535">
   </trkpt>
   <trkpt lat="38.462042" lon="128.442871">
   </trkpt>
   <trkpt lat="38.461367" lon="128.443107">
   </trkpt>
   <trkpt lat="38.460316" lon="128.443521">
   </trkpt>
   <trkpt lat="38.460938" lon="128.446404">
   </trkpt>
   <trkpt lat="38.460937" lon="128.447037">
   </trkpt>
   <trkpt lat="38.460831" lon="128.447565">
   </trkpt>
   <trkpt lat="38.460549" lon="128.448185">
   </trkpt>
   <trkpt lat="38.459414" lon="128.449424">
   </trkpt>
   <trkpt lat="38.459275" lon="128.449817">
   </trkpt>
   <trkpt lat="38.459237" lon="128.450686">
   </trkpt>
   <trkpt lat="38.459177" lon="128.451094">
   </trkpt>
   <trkpt lat="38.458406" lon="128.45241">
   </trkpt>
   <trkpt lat="38.458376" lon="128.452832">
   </trkpt>
   <trkpt lat="38.458609" lon="128.453596">
   </trkpt>
   <trkpt lat="38.458643" lon="128.454042">
   </trkpt>
   <trkpt lat="38.458609" lon="128.454844">
   </trkpt>
   <trkpt lat="38.458726" lon="128.455512">
   </trkpt>
   <trkpt lat="38.459038" lon="128.456462">
   </trkpt>
   <trkpt lat="38.459094" lon="128.456913">
   </trkpt>
   <trkpt lat="38.45909" lon="128.457321">
   </trkpt>
   <trkpt lat="38.458997" lon="128.457701">
   </trkpt>
   <trkpt lat="38.458703" lon="128.458392">
   </trkpt>
   <trkpt lat="38.458557" lon="128.458642">
   </trkpt>
   <trkpt lat="38.457556" lon="128.460145">
   </trkpt>
   <trkpt lat="38.457334" lon="128.460387">
   </trkpt>
   <trkpt lat="38.457083" lon="128.460462">
   </trkpt>
   <trkpt lat="38.456014" lon="128.460397">
   </trkpt>
   <trkpt lat="38.455782" lon="128.460549">
   </trkpt>
   <trkpt lat="38.455467" lon="128.460922">
   </trkpt>
   <trkpt lat="38.455129" lon="128.461071">
   </trkpt>
   <trkpt lat="38.454843" lon="128.461284">
   </trkpt>
   <trkpt lat="38.454697" lon="128.46149">
   </trkpt>
   <trkpt lat="38.454634" lon="128.461747">
   </trkpt>
   <trkpt lat="38.454604" lon="128.462015">
   </trkpt>
   <trkpt lat="38.454385" lon="128.462557">
   </trkpt>
   <trkpt lat="38.454127" lon="128.463099">
   </trkpt>
   <trkpt lat="38.45357" lon="128.463846">
   </trkpt>
   <trkpt lat="38.453328" lon="128.46447">
   </trkpt>
   <trkpt lat="38.45278" lon="128.465207">
   </trkpt>
   <trkpt lat="38.452693" lon="128.465292">
   </trkpt>
   <trkpt lat="38.452586" lon="128.465341">
   </trkpt>
   <trkpt lat="38.451864" lon="128.465312">
   </trkpt>
   <trkpt lat="38.451566" lon="128.465385">
   </trkpt>
   <trkpt lat="38.4511" lon="128.465679">
   </trkpt>
   <trkpt lat="38.450367" lon="128.466478">
   </trkpt>
   <trkpt lat="38.450132" lon="128.466883">
   </trkpt>
   <trkpt lat="38.450061" lon="128.466941">
   </trkpt>
   <trkpt lat="38.449974" lon="128.46695">
   </trkpt>
   <trkpt lat="38.449161" lon="128.466629">
   </trkpt>
   <trkpt lat="38.448993" lon="128.466527">
   </trkpt>
   <trkpt lat="38.448212" lon="128.465634">
   </trkpt>
   <trkpt lat="38.448169" lon="128.465517">
   </trkpt>
   <trkpt lat="38.448079" lon="128.464626">
   </trkpt>
   <trkpt lat="38.448372" lon="128.463609">
   </trkpt>
   <trkpt lat="38.44855" lon="128.463219">
   </trkpt>
   <trkpt lat="38.448909" lon="128.462635">
   </trkpt>
   <trkpt lat="38.44877" lon="128.462336">
   </trkpt>
   <trkpt lat="38.44888" lon="128.46222">
   </trkpt>
   <trkpt lat="38.448979" lon="128.461868">
   </trkpt>
   <trkpt lat="38.44874" lon="128.459813">
   </trkpt>
   <trkpt lat="38.448219" lon="128.458833">
   </trkpt>
   <trkpt lat="38.448346" lon="128.458743">
   </trkpt>
   <trkpt lat="38.448233" lon="128.458507">
   </trkpt>
   <trkpt lat="38.447347" lon="128.456887">
   </trkpt>
   <trkpt lat="38.446917" lon="128.456353">
   </trkpt>
   <trkpt lat="38.445964" lon="128.455267">
   </trkpt>
   <trkpt lat="38.445502" lon="128.45487">
   </trkpt>
   <trkpt lat="38.443923" lon="128.454529">
   </trkpt>
   <trkpt lat="38.443881" lon="128.455401">
   </trkpt>
   <trkpt lat="38.443582" lon="128.455297">
   </trkpt>
   <trkpt lat="38.443301" lon="128.455134">
   </trkpt>
   <trkpt lat="38.443146" lon="128.45502">
   </trkpt>
   <trkpt lat="38.442796" lon="128.454898">
   </trkpt>
   <trkpt lat="38.442403" lon="128.454682">
   </trkpt>
   <trkpt lat="38.441867" lon="128.454493">
   </trkpt>
   <trkpt lat="38.441176" lon="128.454358">
   </trkpt>
   <trkpt lat="38.440554" lon="128.454387">
   </trkpt>
   <trkpt lat="38.438614" lon="128.454409">
   </trkpt>
   <trkpt lat="38.436233" lon="128.454174">
   </trkpt>
   <trkpt lat="38.435543" lon="128.454369">
   </trkpt>
   <trkpt lat="38.433431" lon="128.455434">
   </trkpt>
   <trkpt lat="38.430942" lon="128.456721">
   </trkpt>
   <trkpt lat="38.429822" lon="128.457393">
   </trkpt>
   <trkpt lat="38.429633" lon="128.457473">
   </trkpt>
   <trkpt lat="38.429474" lon="128.457479">
   </trkpt>
   <trkpt lat="38.42941" lon="128.458047">
   </trkpt>
   <trkpt lat="38.428525" lon="128.458551">
   </trkpt>
   <trkpt lat="38.427802" lon="128.459177">
   </trkpt>
   <trkpt lat="38.427047" lon="128.460202">
   </trkpt>
   <trkpt lat="38.42663" lon="128.460254">
   </trkpt>
   <trkpt lat="38.42635" lon="128.460169">
   </trkpt>
   <trkpt lat="38.425824" lon="128.460409">
   </trkpt>
   <trkpt lat="38.42518" lon="128.460808">
   </trkpt>
   <trkpt lat="38.424113" lon="128.461563">
   </trkpt>
   <trkpt lat="38.423875" lon="128.461806">
   </trkpt>
   <trkpt lat="38.42378" lon="128.461997">
   </trkpt>
   <trkpt lat="38.423563" lon="128.462578">
   </trkpt>
   <trkpt lat="38.423392" lon="128.462591">
   </trkpt>
   <trkpt lat="38.422726" lon="128.462531">
   </trkpt>
   <trkpt lat="38.422481" lon="128.462534">
   </trkpt>
   <trkpt lat="38.42213" lon="128.462483">
   </trkpt>
   <trkpt lat="38.421899" lon="128.462497">
   </trkpt>
   <trkpt lat="38.421548" lon="128.462577">
   </trkpt>
   <trkpt lat="38.421266" lon="128.462717">
   </trkpt>
   <trkpt lat="38.420568" lon="128.463155">
   </trkpt>
   <trkpt lat="38.420125" lon="128.463478">
   </trkpt>
   <trkpt lat="38.419861" lon="128.463716">
   </trkpt>
   <trkpt lat="38.419298" lon="128.464043">
   </trkpt>
   <trkpt lat="38.418578" lon="128.464597">
   </trkpt>
   <trkpt lat="38.418009" lon="128.464931">
   </trkpt>
   <trkpt lat="38.417886" lon="128.465021">
   </trkpt>
   <trkpt lat="38.417767" lon="128.465293">
   </trkpt>
   <trkpt lat="38.417719" lon="128.465457">
   </trkpt>
   <trkpt lat="38.417511" lon="128.465739">
   </trkpt>
   <trkpt lat="38.416132" lon="128.466749">
   </trkpt>
   <trkpt lat="38.415689" lon="128.467208">
   </trkpt>
   <trkpt lat="38.413865" lon="128.468436">
   </trkpt>
   <trkpt lat="38.413377" lon="128.468809">
   </trkpt>
   <trkpt lat="38.413036" lon="128.469116">
   </trkpt>
   <trkpt lat="38.412225" lon="128.469673">
   </trkpt>
   <trkpt lat="38.410643" lon="128.471019">
   </trkpt>
   <trkpt lat="38.410197" lon="128.471548">
   </trkpt>
   <trkpt lat="38.409753" lon="128.471972">
   </trkpt>
   <trkpt lat="38.409354" lon="128.47221">
   </trkpt>
   <trkpt lat="38.408749" lon="128.472613">
   </trkpt>
   <trkpt lat="38.40865" lon="128.472621">
   </trkpt>
   <trkpt lat="38.407973" lon="128.473098">
   </trkpt>
   <trkpt lat="38.407647" lon="128.473403">
   </trkpt>
   <trkpt lat="38.40733" lon="128.473635">
   </trkpt>
   <trkpt lat="38.407089" lon="128.473787">
   </trkpt>
   <trkpt lat="38.406832" lon="128.474025">
   </trkpt>
   <trkpt lat="38.406663" lon="128.474348">
   </trkpt>
   <trkpt lat="38.405953" lon="128.474984">
   </trkpt>
   <trkpt lat="38.405857" lon="128.475046">
   </trkpt>
   <trkpt lat="38.40563" lon="128.475094">
   </trkpt>
   <trkpt lat="38.404873" lon="128.474485">
   </trkpt>
   <trkpt lat="38.404617" lon="128.474323">
   </trkpt>
   <trkpt lat="38.404689" lon="128.473723">
   </trkpt>
   <trkpt lat="38.404582" lon="128.473298">
   </trkpt>
   <trkpt lat="38.404879" lon="128.472756">
   </trkpt>
   <trkpt lat="38.4049" lon="128.472604">
   </trkpt>
   <trkpt lat="38.404891" lon="128.472483">
   </trkpt>
   <trkpt lat="38.404627" lon="128.471797">
   </trkpt>
   <trkpt lat="38.40454" lon="128.471341">
   </trkpt>
   <trkpt lat="38.404506" lon="128.471272">
   </trkpt>
   <trkpt lat="38.404462" lon="128.471185">
   </trkpt>
   <trkpt lat="38.4044" lon="128.469539">
   </trkpt>
   <trkpt lat="38.403914" lon="128.470271">
   </trkpt>
   <trkpt lat="38.40323" lon="128.471002">
   </trkpt>
   <trkpt lat="38.40247" lon="128.471641">
   </trkpt>
   <trkpt lat="38.402294" lon="128.47186">
   </trkpt>
   <trkpt lat="38.402201" lon="128.47207">
   </trkpt>
   <trkpt lat="38.402139" lon="128.472356">
   </trkpt>
   <trkpt lat="38.40198" lon="128.473458">
   </trkpt>
   <trkpt lat="38.401963" lon="128.473751">
   </trkpt>
   <trkpt lat="38.401969" lon="128.474299">
   </trkpt>
   <trkpt lat="38.402035" lon="128.474642">
   </trkpt>
   <trkpt lat="38.402005" lon="128.474692">
   </trkpt>
   <trkpt lat="38.401958" lon="128.474694">
   </trkpt>
   <trkpt lat="38.401452" lon="128.474241">
   </trkpt>
   <trkpt lat="38.401137" lon="128.473992">
   </trkpt>
   <trkpt lat="38.400687" lon="128.472896">
   </trkpt>
   <trkpt lat="38.399842" lon="128.470754">
   </trkpt>
   <trkpt lat="38.399104" lon="128.471667">
   </trkpt>
   <trkpt lat="38.398472" lon="128.472447">
   </trkpt>
   <trkpt lat="38.397262" lon="128.473982">
   </trkpt>
   <trkpt lat="38.396273" lon="128.475055">
   </trkpt>
   <trkpt lat="38.395946" lon="128.475327">
   </trkpt>
   <trkpt lat="38.395178" lon="128.475873">
   </trkpt>
   <trkpt lat="38.394236" lon="128.476442">
   </trkpt>
   <trkpt lat="38.392662" lon="128.477335">
   </trkpt>
   <trkpt lat="38.391882" lon="128.47746">
   </trkpt>
   <trkpt lat="38.391088" lon="128.47734">
   </trkpt>
   <trkpt lat="38.390386" lon="128.477121">
   </trkpt>
   <trkpt lat="38.390479" lon="128.477339">
   </trkpt>
   <trkpt lat="38.389614" lon="128.478446">
   </trkpt>
   <trkpt lat="38.388011" lon="128.480554">
   </trkpt>
   <trkpt lat="38.385794" lon="128.483399">
   </trkpt>
   <trkpt lat="38.385067" lon="128.484362">
   </trkpt>
   <trkpt lat="38.385005" lon="128.484315">
   </trkpt>
   <trkpt lat="38.38307" lon="128.484474">
   </trkpt>
   <trkpt lat="38.38147" lon="128.484701">
   </trkpt>
   <trkpt lat="38.38137" lon="128.484817">
   </trkpt>
   <trkpt lat="38.381003" lon="128.484236">
   </trkpt>
   <trkpt lat="38.380889" lon="128.483885">
   </trkpt>
   <trkpt lat="38.380833" lon="128.483641">
   </trkpt>
   <trkpt lat="38.380732" lon="128.482242">
   </trkpt>
   <trkpt lat="38.380469" lon="128.482226">
   </trkpt>
   <trkpt lat="38.38029" lon="128.482184">
   </trkpt>
   <trkpt lat="38.379097" lon="128.481574">
   </trkpt>
   <trkpt lat="38.378983" lon="128.481487">
   </trkpt>
   <trkpt lat="38.378582" lon="128.480865">
   </trkpt>
   <trkpt lat="38.378262" lon="128.480545">
   </trkpt>
   <trkpt lat="38.378179" lon="128.480444">
   </trkpt>
   <trkpt lat="38.378044" lon="128.480363">
   </trkpt>
   <trkpt lat="38.377655" lon="128.480262">
   </trkpt>
   <trkpt lat="38.377566" lon="128.480278">
   </trkpt>
   <trkpt lat="38.377455" lon="128.481387">
   </trkpt>
   <trkpt lat="38.377676" lon="128.481409">
   </trkpt>
   <trkpt lat="38.377774" lon="128.481499">
   </trkpt>
   <trkpt lat="38.378055" lon="128.481921">
   </trkpt>
   <trkpt lat="38.378526" lon="128.482679">
   </trkpt>
   <trkpt lat="38.379572" lon="128.484683">
   </trkpt>
   <trkpt lat="38.380674" lon="128.486699">
   </trkpt>
   <trkpt lat="38.381027" lon="128.487378">
   </trkpt>
   <trkpt lat="38.381916" lon="128.488636">
   </trkpt>
   <trkpt lat="38.381805" lon="128.488738">
   </trkpt>
   <trkpt lat="38.381713" lon="128.488783">
   </trkpt>
   <trkpt lat="38.381019" lon="128.489442">
   </trkpt>
   <trkpt lat="38.380822" lon="128.489512">
   </trkpt>
   <trkpt lat="38.380569" lon="128.489569">
   </trkpt>
   <trkpt lat="38.38056" lon="128.490259">
   </trkpt>
   <trkpt lat="38.38048" lon="128.491196">
   </trkpt>
   <trkpt lat="38.380706" lon="128.491939">
   </trkpt>
   <trkpt lat="38.380881" lon="128.492805">
   </trkpt>
   <trkpt lat="38.381064" lon="128.493428">
   </trkpt>
   <trkpt lat="38.381138" lon="128.493793">
   </trkpt>
   <trkpt lat="38.381185" lon="128.494248">
   </trkpt>
   <trkpt lat="38.381201" lon="128.49476">
   </trkpt>
   <trkpt lat="38.381136" lon="128.495537">
   </trkpt>
   <trkpt lat="38.381053" lon="128.49596">
   </trkpt>
   <trkpt lat="38.380875" lon="128.496626">
   </trkpt>
   <trkpt lat="38.380588" lon="128.497265">
   </trkpt>
   <trkpt lat="38.380438" lon="128.497529">
   </trkpt>
   <trkpt lat="38.380221" lon="128.497866">
   </trkpt>
   <trkpt lat="38.379848" lon="128.498383">
   </trkpt>
   <trkpt lat="38.377573" lon="128.501371">
   </trkpt>
   <trkpt lat="38.374727" lon="128.505164">
   </trkpt>
   <trkpt lat="38.374246" lon="128.505712">
   </trkpt>
   <trkpt lat="38.373959" lon="128.506058">
   </trkpt>
   <trkpt lat="38.373171" lon="128.50692">
   </trkpt>
   <trkpt lat="38.372836" lon="128.50723">
   </trkpt>
   <trkpt lat="38.372299" lon="128.507568">
   </trkpt>
   <trkpt lat="38.37206" lon="128.507698">
   </trkpt>
   <trkpt lat="38.371036" lon="128.508156">
   </trkpt>
   <trkpt lat="38.37077" lon="128.508313">
   </trkpt>
   <trkpt lat="38.369461" lon="128.509522">
   </trkpt>
   <trkpt lat="38.368967" lon="128.509921">
   </trkpt>
   <trkpt lat="38.368789" lon="128.510006">
   </trkpt>
   <trkpt lat="38.368588" lon="128.51003">
   </trkpt>
   <trkpt lat="38.368359" lon="128.510026">
   </trkpt>
   <trkpt lat="38.367833" lon="128.509949">
   </trkpt>
   <trkpt lat="38.367421" lon="128.509522">
   </trkpt>
   <trkpt lat="38.366841" lon="128.50865">
   </trkpt>
   <trkpt lat="38.366266" lon="128.507947">
   </trkpt>
   <trkpt lat="38.366073" lon="128.507664">
   </trkpt>
   <trkpt lat="38.365961" lon="128.507553">
   </trkpt>
   <trkpt lat="38.365657" lon="128.507455">
   </trkpt>
   <trkpt lat="38.365179" lon="128.507153">
   </trkpt>
   <trkpt lat="38.364971" lon="128.507079">
   </trkpt>
   <trkpt lat="38.364333" lon="128.507048">
   </trkpt>
   <trkpt lat="38.364063" lon="128.506937">
   </trkpt>
   <trkpt lat="38.362873" lon="128.506298">
   </trkpt>
   <trkpt lat="38.362734" lon="128.506265">
   </trkpt>
   <trkpt lat="38.36199" lon="128.506358">
   </trkpt>
   <trkpt lat="38.361526" lon="128.506345">
   </trkpt>
   <trkpt lat="38.360605" lon="128.506461">
   </trkpt>
   <trkpt lat="38.359839" lon="128.506672">
   </trkpt>
   <trkpt lat="38.359262" lon="128.506924">
   </trkpt>
   <trkpt lat="38.358567" lon="128.507339">
   </trkpt>
   <trkpt lat="38.358137" lon="128.507644">
   </trkpt>
   <trkpt lat="38.357289" lon="128.508169">
   </trkpt>
   <trkpt lat="38.357502" lon="128.508673">
   </trkpt>
   <trkpt lat="38.357562" lon="128.508898">
   </trkpt>
   <trkpt lat="38.357514" lon="128.509043">
   </trkpt>
   <trkpt lat="38.356961" lon="128.509548">
   </trkpt>
   <trkpt lat="38.356531" lon="128.509804">
   </trkpt>
   <trkpt lat="38.35641" lon="128.509905">
   </trkpt>
   <trkpt lat="38.356042" lon="128.510675">
   </trkpt>
   <trkpt lat="38.355622" lon="128.511628">
   </trkpt>
   <trkpt lat="38.355434" lon="128.511585">
   </trkpt>
   <trkpt lat="38.355168" lon="128.511492">
   </trkpt>
   <trkpt lat="38.354912" lon="128.511292">
   </trkpt>
   <trkpt lat="38.35461" lon="128.510996">
   </trkpt>
   <trkpt lat="38.354175" lon="128.51048">
   </trkpt>
   <trkpt lat="38.35432" lon="128.510324">
   </trkpt>
   <trkpt lat="38.353804" lon="128.509809">
   </trkpt>
   <trkpt lat="38.35351" lon="128.50961">
   </trkpt>
   <trkpt lat="38.353261" lon="128.509523">
   </trkpt>
   <trkpt lat="38.353172" lon="128.509047">
   </trkpt>
   <trkpt lat="38.353074" lon="128.508625">
   </trkpt>
   <trkpt lat="38.353068" lon="128.508037">
   </trkpt>
   <trkpt lat="38.351833" lon="128.50827">
   </trkpt>
   <trkpt lat="38.349304" lon="128.508891">
   </trkpt>
   <trkpt lat="38.349087" lon="128.508963">
   </trkpt>
   <trkpt lat="38.347335" lon="128.509258">
   </trkpt>
   <trkpt lat="38.347224" lon="128.509024">
   </trkpt>
   <trkpt lat="38.347021" lon="128.50867">
   </trkpt>
   <trkpt lat="38.346967" lon="128.508609">
   </trkpt>
   <trkpt lat="38.346912" lon="128.5086">
   </trkpt>
   <trkpt lat="38.346816" lon="128.508709">
   </trkpt>
   <trkpt lat="38.346902" lon="128.508874">
   </trkpt>
   <trkpt lat="38.347106" lon="128.509367">
   </trkpt>
   <trkpt lat="38.347099" lon="128.509577">
   </trkpt>
   <trkpt lat="38.346654" lon="128.509662">
   </trkpt>
   <trkpt lat="38.346296" lon="128.50982">
   </trkpt>
   <trkpt lat="38.34604" lon="128.509958">
   </trkpt>
   <trkpt lat="38.344554" lon="128.510999">
   </trkpt>
   <trkpt lat="38.343876" lon="128.511496">
   </trkpt>
   <trkpt lat="38.342998" lon="128.511899">
   </trkpt>
   <trkpt lat="38.342518" lon="128.512157">
   </trkpt>
   <trkpt lat="38.341997" lon="128.512538">
   </trkpt>
   <trkpt lat="38.341757" lon="128.512752">
   </trkpt>
   <trkpt lat="38.341334" lon="128.51317">
   </trkpt>
   <trkpt lat="38.337774" lon="128.516905">
   </trkpt>
   <trkpt lat="38.335937" lon="128.51885">
   </trkpt>
   <trkpt lat="38.335473" lon="128.519416">
   </trkpt>
   <trkpt lat="38.333235" lon="128.522657">
   </trkpt>
   <trkpt lat="38.333042" lon="128.522921">
   </trkpt>
   <trkpt lat="38.332865" lon="128.523121">
   </trkpt>
   <trkpt lat="38.332626" lon="128.523334">
   </trkpt>
   <trkpt lat="38.332716" lon="128.523563">
   </trkpt>
   <trkpt lat="38.33278" lon="128.523808">
   </trkpt>
   <trkpt lat="38.332805" lon="128.524065">
   </trkpt>
   <trkpt lat="38.33259" lon="128.526227">
   </trkpt>
   <trkpt lat="38.332536" lon="128.526501">
   </trkpt>
   <trkpt lat="38.332414" lon="128.52672">
   </trkpt>
   <trkpt lat="38.332208" lon="128.526881">
   </trkpt>
   <trkpt lat="38.331913" lon="128.526967">
   </trkpt>
   <trkpt lat="38.331707" lon="128.526946">
   </trkpt>
   <trkpt lat="38.331143" lon="128.526678">
   </trkpt>
   <trkpt lat="38.330987" lon="128.526629">
   </trkpt>
   <trkpt lat="38.330819" lon="128.526688">
   </trkpt>
   <trkpt lat="38.329897" lon="128.527144">
   </trkpt>
   <trkpt lat="38.32861" lon="128.527836">
   </trkpt>
   <trkpt lat="38.32826" lon="128.527992">
   </trkpt>
   <trkpt lat="38.327932" lon="128.528046">
   </trkpt>
   <trkpt lat="38.327701" lon="128.528142">
   </trkpt>
   <trkpt lat="38.32757" lon="128.528249">
   </trkpt>
   <trkpt lat="38.327495" lon="128.528239">
   </trkpt>
   <trkpt lat="38.326905" lon="128.527386">
   </trkpt>
   <trkpt lat="38.326729" lon="128.527169">
   </trkpt>
   <trkpt lat="38.324897" lon="128.525825">
   </trkpt>
   <trkpt lat="38.324837" lon="128.525882">
   </trkpt>
   <trkpt lat="38.322498" lon="128.526607">
   </trkpt>
   <trkpt lat="38.322325" lon="128.526676">
   </trkpt>
   <trkpt lat="38.320839" lon="128.527454">
   </trkpt>
   <trkpt lat="38.32023" lon="128.527884">
   </trkpt>
   <trkpt lat="38.31964" lon="128.528156">
   </trkpt>
   <trkpt lat="38.319554" lon="128.52823">
   </trkpt>
   <trkpt lat="38.31947" lon="128.528221">
   </trkpt>
   <trkpt lat="38.319377" lon="128.528285">
   </trkpt>
   <trkpt lat="38.319231" lon="128.52847">
   </trkpt>
   <trkpt lat="38.319191" lon="128.528547">
   </trkpt>
   <trkpt lat="38.319164" lon="128.528652">
   </trkpt>
   <trkpt lat="38.319161" lon="128.528835">
   </trkpt>
   <trkpt lat="38.319202" lon="128.529047">
   </trkpt>
   <trkpt lat="38.319427" lon="128.529936">
   </trkpt>
   <trkpt lat="38.319436" lon="128.530084">
   </trkpt>
   <trkpt lat="38.319386" lon="128.530185">
   </trkpt>
   <trkpt lat="38.319131" lon="128.530575">
   </trkpt>
   <trkpt lat="38.319075" lon="128.530633">
   </trkpt>
   <trkpt lat="38.318404" lon="128.531109">
   </trkpt>
   <trkpt lat="38.317843" lon="128.531551">
   </trkpt>
   <trkpt lat="38.316813" lon="128.532472">
   </trkpt>
   <trkpt lat="38.31532" lon="128.533905">
   </trkpt>
   <trkpt lat="38.315151" lon="128.534165">
   </trkpt>
   <trkpt lat="38.314998" lon="128.534645">
   </trkpt>
   <trkpt lat="38.313394" lon="128.536649">
   </trkpt>
   <trkpt lat="38.312479" lon="128.537712">
   </trkpt>
   <trkpt lat="38.310632" lon="128.541438">
   </trkpt>
   <trkpt lat="38.310644" lon="128.542479">
   </trkpt>
   <trkpt lat="38.310376" lon="128.542405">
   </trkpt>
   <trkpt lat="38.310029" lon="128.542953">
   </trkpt>
   <trkpt lat="38.309385" lon="128.542201">
   </trkpt>
   <trkpt lat="38.308825" lon="128.541649">
   </trkpt>
   <trkpt lat="38.308179" lon="128.54152">
   </trkpt>
   <trkpt lat="38.308065" lon="128.541592">
   </trkpt>
   <trkpt lat="38.307748" lon="128.541711">
   </trkpt>
   <trkpt lat="38.307059" lon="128.542096">
   </trkpt>
   <trkpt lat="38.305656" lon="128.542746">
   </trkpt>
   <trkpt lat="38.305426" lon="128.542882">
   </trkpt>
   <trkpt lat="38.305379" lon="128.543008">
   </trkpt>
   <trkpt lat="38.305366" lon="128.543181">
   </trkpt>
   <trkpt lat="38.305287" lon="128.543374">
   </trkpt>
   <trkpt lat="38.305163" lon="128.543563">
   </trkpt>
   <trkpt lat="38.305042" lon="128.543623">
   </trkpt>
   <trkpt lat="38.304906" lon="128.543604">
   </trkpt>
   <trkpt lat="38.304765" lon="128.543674">
   </trkpt>
   <trkpt lat="38.3047" lon="128.543724">
   </trkpt>
   <trkpt lat="38.304545" lon="128.543907">
   </trkpt>
   <trkpt lat="38.304317" lon="128.544427">
   </trkpt>
   <trkpt lat="38.304136" lon="128.545194">
   </trkpt>
   <trkpt lat="38.303003" lon="128.545008">
   </trkpt>
   <trkpt lat="38.302953" lon="128.545536">
   </trkpt>
   <trkpt lat="38.302947" lon="128.54586">
   </trkpt>
   <trkpt lat="38.302966" lon="128.546153">
   </trkpt>
   <trkpt lat="38.30301" lon="128.546351">
   </trkpt>
   <trkpt lat="38.303018" lon="128.546538">
   </trkpt>
   <trkpt lat="38.302929" lon="128.547262">
   </trkpt>
   <trkpt lat="38.302843" lon="128.547645">
   </trkpt>
   <trkpt lat="38.302766" lon="128.547898">
   </trkpt>
   <trkpt lat="38.302723" lon="128.54812">
   </trkpt>
   <trkpt lat="38.302611" lon="128.548348">
   </trkpt>
   <trkpt lat="38.302471" lon="128.548505">
   </trkpt>
   <trkpt lat="38.302378" lon="128.548521">
   </trkpt>
   <trkpt lat="38.302296" lon="128.548703">
   </trkpt>
   <trkpt lat="38.302326" lon="128.549092">
   </trkpt>
   <trkpt lat="38.302295" lon="128.549263">
   </trkpt>
   <trkpt lat="38.302231" lon="128.54933">
   </trkpt>
   <trkpt lat="38.302147" lon="128.549322">
   </trkpt>
   <trkpt lat="38.302066" lon="128.549228">
   </trkpt>
   <trkpt lat="38.301976" lon="128.548842">
   </trkpt>
   <trkpt lat="38.301976" lon="128.548376">
   </trkpt>
   <trkpt lat="38.301993" lon="128.548279">
   </trkpt>
   <trkpt lat="38.302462" lon="128.547186">
   </trkpt>
   <trkpt lat="38.302407" lon="128.546803">
   </trkpt>
   <trkpt lat="38.302264" lon="128.546271">
   </trkpt>
   <trkpt lat="38.301883" lon="128.545845">
   </trkpt>
   <trkpt lat="38.301567" lon="128.545569">
   </trkpt>
   <trkpt lat="38.301574" lon="128.545541">
   </trkpt>
   <trkpt lat="38.301448" lon="128.545436">
   </trkpt>
   <trkpt lat="38.301182" lon="128.545368">
   </trkpt>
   <trkpt lat="38.300856" lon="128.54539">
   </trkpt>
   <trkpt lat="38.300466" lon="128.545364">
   </trkpt>
   <trkpt lat="38.300312" lon="128.545356">
   </trkpt>
   <trkpt lat="38.299954" lon="128.545384">
   </trkpt>
   <trkpt lat="38.298572" lon="128.546059">
   </trkpt>
   <trkpt lat="38.297971" lon="128.546379">
   </trkpt>
   <trkpt lat="38.296534" lon="128.547087">
   </trkpt>
   <trkpt lat="38.296341" lon="128.547205">
   </trkpt>
   <trkpt lat="38.295742" lon="128.54779">
   </trkpt>
   <trkpt lat="38.295534" lon="128.547907">
   </trkpt>
   <trkpt lat="38.295219" lon="128.548003">
   </trkpt>
   <trkpt lat="38.294627" lon="128.548123">
   </trkpt>
   <trkpt lat="38.294454" lon="128.548038">
   </trkpt>
   <trkpt lat="38.294073" lon="128.547739">
   </trkpt>
   <trkpt lat="38.292442" lon="128.546871">
   </trkpt>
   <trkpt lat="38.29209" lon="128.546768">
   </trkpt>
   <trkpt lat="38.291196" lon="128.546819">
   </trkpt>
   <trkpt lat="38.290742" lon="128.547006">
   </trkpt>
   <trkpt lat="38.290526" lon="128.546317">
   </trkpt>
   <trkpt lat="38.290319" lon="128.546404">
   </trkpt>
   <trkpt lat="38.289094" lon="128.546731">
   </trkpt>
   <trkpt lat="38.288408" lon="128.546902">
   </trkpt>
   <trkpt lat="38.287759" lon="128.547219">
   </trkpt>
   <trkpt lat="38.287685" lon="128.547918">
   </trkpt>
   <trkpt lat="38.286734" lon="128.548226">
   </trkpt>
   <trkpt lat="38.28665" lon="128.548232">
   </trkpt>
   <trkpt lat="38.28603" lon="128.548445">
   </trkpt>
   <trkpt lat="38.285764" lon="128.548623">
   </trkpt>
   <trkpt lat="38.284654" lon="128.549766">
   </trkpt>
   <trkpt lat="38.284342" lon="128.549856">
   </trkpt>
   <trkpt lat="38.284217" lon="128.549788">
   </trkpt>
   <trkpt lat="38.284055" lon="128.549655">
   </trkpt>
   <trkpt lat="38.283856" lon="128.549548">
   </trkpt>
   <trkpt lat="38.28266" lon="128.549043">
   </trkpt>
   <trkpt lat="38.282589" lon="128.548922">
   </trkpt>
   <trkpt lat="38.282566" lon="128.548759">
   </trkpt>
   <trkpt lat="38.282185" lon="128.548906">
   </trkpt>
   <trkpt lat="38.281715" lon="128.548909">
   </trkpt>
   <trkpt lat="38.281398" lon="128.548798">
   </trkpt>
   <trkpt lat="38.281315" lon="128.549733">
   </trkpt>
   <trkpt lat="38.281233" lon="128.550016">
   </trkpt>
   <trkpt lat="38.280958" lon="128.55057">
   </trkpt>
   <trkpt lat="38.280001" lon="128.551941">
   </trkpt>
   <trkpt lat="38.279753" lon="128.552508">
   </trkpt>
   <trkpt lat="38.279644" lon="128.552699">
   </trkpt>
   <trkpt lat="38.279499" lon="128.55289">
   </trkpt>
   <trkpt lat="38.279308" lon="128.553028">
   </trkpt>
   <trkpt lat="38.279132" lon="128.553101">
   </trkpt>
   <trkpt lat="38.277703" lon="128.552969">
   </trkpt>
   <trkpt lat="38.276302" lon="128.552949">
   </trkpt>
   <trkpt lat="38.275744" lon="128.553063">
   </trkpt>
   <trkpt lat="38.275446" lon="128.553142">
   </trkpt>
   <trkpt lat="38.275297" lon="128.553222">
   </trkpt>
   <trkpt lat="38.275021" lon="128.553518">
   </trkpt>
   <trkpt lat="38.27495" lon="128.553637">
   </trkpt>
   <trkpt lat="38.274897" lon="128.553772">
   </trkpt>
   <trkpt lat="38.274787" lon="128.555988">
   </trkpt>
   <trkpt lat="38.27475" lon="128.556175">
   </trkpt>
   <trkpt lat="38.27463" lon="128.55641">
   </trkpt>
   <trkpt lat="38.274522" lon="128.556475">
   </trkpt>
   <trkpt lat="38.274419" lon="128.556494">
   </trkpt>
   <trkpt lat="38.274333" lon="128.556473">
   </trkpt>
   <trkpt lat="38.27422" lon="128.556378">
   </trkpt>
   <trkpt lat="38.273989" lon="128.556033">
   </trkpt>
   <trkpt lat="38.27389" lon="128.555834">
   </trkpt>
   <trkpt lat="38.273738" lon="128.555634">
   </trkpt>
   <trkpt lat="38.273649" lon="128.555615">
   </trkpt>
   <trkpt lat="38.273495" lon="128.555615">
   </trkpt>
   <trkpt lat="38.273372" lon="128.555639">
   </trkpt>
   <trkpt lat="38.273288" lon="128.555688">
   </trkpt>
   <trkpt lat="38.273232" lon="128.555765">
   </trkpt>
   <trkpt lat="38.273171" lon="128.555886">
   </trkpt>
   <trkpt lat="38.272904" lon="128.556144">
   </trkpt>
   <trkpt lat="38.272836" lon="128.556189">
   </trkpt>
   <trkpt lat="38.272678" lon="128.556185">
   </trkpt>
   <trkpt lat="38.272353" lon="128.556008">
   </trkpt>
   <trkpt lat="38.272137" lon="128.555799">
   </trkpt>
   <trkpt lat="38.271896" lon="128.555469">
   </trkpt>
   <trkpt lat="38.271671" lon="128.555252">
   </trkpt>
   <trkpt lat="38.271575" lon="128.555201">
   </trkpt>
   <trkpt lat="38.271392" lon="128.555191">
   </trkpt>
   <trkpt lat="38.271267" lon="128.55525">
   </trkpt>
   <trkpt lat="38.27118" lon="128.555318">
   </trkpt>
   <trkpt lat="38.270847" lon="128.555619">
   </trkpt>
   <trkpt lat="38.270816" lon="128.555773">
   </trkpt>
   <trkpt lat="38.270523" lon="128.556516">
   </trkpt>
   <trkpt lat="38.270384" lon="128.557047">
   </trkpt>
   <trkpt lat="38.270323" lon="128.55718">
   </trkpt>
   <trkpt lat="38.270252" lon="128.557246">
   </trkpt>
   <trkpt lat="38.270166" lon="128.557281">
   </trkpt>
   <trkpt lat="38.269946" lon="128.557229">
   </trkpt>
   <trkpt lat="38.26932" lon="128.556933">
   </trkpt>
   <trkpt lat="38.268757" lon="128.556448">
   </trkpt>
   <trkpt lat="38.268587" lon="128.556355">
   </trkpt>
   <trkpt lat="38.268025" lon="128.556131">
   </trkpt>
   <trkpt lat="38.267882" lon="128.555938">
   </trkpt>
   <trkpt lat="38.267784" lon="128.555714">
   </trkpt>
   <trkpt lat="38.267553" lon="128.555069">
   </trkpt>
   <trkpt lat="38.267403" lon="128.554833">
   </trkpt>
   <trkpt lat="38.267256" lon="128.554443">
   </trkpt>
   <trkpt lat="38.266215" lon="128.555077">
   </trkpt>
   <trkpt lat="38.265694" lon="128.555366">
   </trkpt>
   <trkpt lat="38.265378" lon="128.555494">
   </trkpt>
   <trkpt lat="38.265018" lon="128.555579">
   </trkpt>
   <trkpt lat="38.264173" lon="128.555638">
   </trkpt>
   <trkpt lat="38.261322" lon="128.555757">
   </trkpt>
   <trkpt lat="38.260559" lon="128.555749">
   </trkpt>
   <trkpt lat="38.260101" lon="128.555685">
   </trkpt>
   <trkpt lat="38.258416" lon="128.55812">
   </trkpt>
   <trkpt lat="38.257408" lon="128.55928">
   </trkpt>
   <trkpt lat="38.253912" lon="128.563228">
   </trkpt>
   <trkpt lat="38.253563" lon="128.563655">
   </trkpt>
   <trkpt lat="38.253419" lon="128.56389">
   </trkpt>
   <trkpt lat="38.252544" lon="128.565455">
   </trkpt>
   <trkpt lat="38.252296" lon="128.565973">
   </trkpt>
   <trkpt lat="38.25213" lon="128.56625">
   </trkpt>
   <trkpt lat="38.25192" lon="128.566392">
   </trkpt>
   <trkpt lat="38.251628" lon="128.566505">
   </trkpt>
   <trkpt lat="38.251259" lon="128.566579">
   </trkpt>
   <trkpt lat="38.251422" lon="128.56694">
   </trkpt>
   <trkpt lat="38.251061" lon="128.567078">
   </trkpt>
   <trkpt lat="38.249343" lon="128.56804">
   </trkpt>
   <trkpt lat="38.248904" lon="128.568454">
   </trkpt>
   <trkpt lat="38.247369" lon="128.570249">
   </trkpt>
   <trkpt lat="38.246991" lon="128.570599">
   </trkpt>
   <trkpt lat="38.246508" lon="128.570974">
   </trkpt>
   <trkpt lat="38.246352" lon="128.571066">
   </trkpt>
   <trkpt lat="38.245279" lon="128.571579">
   </trkpt>
   <trkpt lat="38.244592" lon="128.571947">
   </trkpt>
   <trkpt lat="38.243246" lon="128.572856">
   </trkpt>
   <trkpt lat="38.24156" lon="128.574125">
   </trkpt>
   <trkpt lat="38.240559" lon="128.575129">
   </trkpt>
   <trkpt lat="38.240439" lon="128.575209">
   </trkpt>
   <trkpt lat="38.240334" lon="128.575208">
   </trkpt>
   <trkpt lat="38.240072" lon="128.574978">
   </trkpt>
   <trkpt lat="38.239859" lon="128.574483">
   </trkpt>
   <trkpt lat="38.239758" lon="128.574416">
   </trkpt>
   <trkpt lat="38.239641" lon="128.574466">
   </trkpt>
   <trkpt lat="38.239599" lon="128.574563">
   </trkpt>
   <trkpt lat="38.23943" lon="128.575291">
   </trkpt>
   <trkpt lat="38.23937" lon="128.575402">
   </trkpt>
   <trkpt lat="38.23931" lon="128.575467">
   </trkpt>
   <trkpt lat="38.239194" lon="128.575491">
   </trkpt>
   <trkpt lat="38.238037" lon="128.575391">
   </trkpt>
   <trkpt lat="38.237943" lon="128.575399">
   </trkpt>
   <trkpt lat="38.237867" lon="128.575445">
   </trkpt>
   <trkpt lat="38.237399" lon="128.575896">
   </trkpt>
   <trkpt lat="38.237298" lon="128.57591">
   </trkpt>
   <trkpt lat="38.236265" lon="128.575822">
   </trkpt>
   <trkpt lat="38.236165" lon="128.575789">
   </trkpt>
   <trkpt lat="38.235969" lon="128.575659">
   </trkpt>
   <trkpt lat="38.23542" lon="128.575103">
   </trkpt>
   <trkpt lat="38.235301" lon="128.574876">
   </trkpt>
   <trkpt lat="38.234729" lon="128.575592">
   </trkpt>
   <trkpt lat="38.233292" lon="128.57748">
   </trkpt>
   <trkpt lat="38.231254" lon="128.580105">
   </trkpt>
   <trkpt lat="38.22928" lon="128.582759">
   </trkpt>
   <trkpt lat="38.228916" lon="128.58328">
   </trkpt>
   <trkpt lat="38.227134" lon="128.585639">
   </trkpt>
   <trkpt lat="38.226947" lon="128.585829">
   </trkpt>
   <trkpt lat="38.226311" lon="128.586353">
   </trkpt>
   <trkpt lat="38.226672" lon="128.586982">
   </trkpt>
   <trkpt lat="38.226922" lon="128.587376">
   </trkpt>
   <trkpt lat="38.226693" lon="128.587786">
   </trkpt>
   <trkpt lat="38.226377" lon="128.587985">
   </trkpt>
   <trkpt lat="38.225678" lon="128.588385">
   </trkpt>
   <trkpt lat="38.22464" lon="128.588889">
   </trkpt>
   <trkpt lat="38.223448" lon="128.589594">
   </trkpt>
   <trkpt lat="38.222963" lon="128.589925">
   </trkpt>
   <trkpt lat="38.222072" lon="128.590485">
   </trkpt>
   <trkpt lat="38.221773" lon="128.590773">
   </trkpt>
   <trkpt lat="38.221025" lon="128.591402">
   </trkpt>
   <trkpt lat="38.218204" lon="128.594125">
   </trkpt>
   <trkpt lat="38.217796" lon="128.594494">
   </trkpt>
   <trkpt lat="38.217046" lon="128.5951">
   </trkpt>
   <trkpt lat="38.216034" lon="128.595955">
   </trkpt>
   <trkpt lat="38.215854" lon="128.596165">
   </trkpt>
   <trkpt lat="38.214786" lon="128.597543">
   </trkpt>
   <trkpt lat="38.214643" lon="128.597921">
   </trkpt>
   <trkpt lat="38.214493" lon="128.598468">
   </trkpt>
   <trkpt lat="38.214459" lon="128.59871">
   </trkpt>
   <trkpt lat="38.214467" lon="128.599014">
   </trkpt>
   <trkpt lat="38.214602" lon="128.599275">
   </trkpt>
   <trkpt lat="38.214672" lon="128.599467">
   </trkpt>
   <trkpt lat="38.21469" lon="128.599626">
   </trkpt>
   <trkpt lat="38.214646" lon="128.599786">
   </trkpt>
   <trkpt lat="38.214452" lon="128.600065">
   </trkpt>
   <trkpt lat="38.214249" lon="128.600322">
   </trkpt>
   <trkpt lat="38.213797" lon="128.600827">
   </trkpt>
   <trkpt lat="38.213637" lon="128.60105">
   </trkpt>
   <trkpt lat="38.213537" lon="128.601152">
   </trkpt>
   <trkpt lat="38.21345" lon="128.601204">
   </trkpt>
   <trkpt lat="38.21333" lon="128.601194">
   </trkpt>
   <trkpt lat="38.213205" lon="128.601139">
   </trkpt>
   <trkpt lat="38.212627" lon="128.600788">
   </trkpt>
   <trkpt lat="38.2123" lon="128.600641">
   </trkpt>
   <trkpt lat="38.212244" lon="128.600785">
   </trkpt>
   <trkpt lat="38.21212" lon="128.600938">
   </trkpt>
   <trkpt lat="38.211999" lon="128.601026">
   </trkpt>
   <trkpt lat="38.211831" lon="128.601041">
   </trkpt>
   <trkpt lat="38.211824" lon="128.600019">
   </trkpt>
   <trkpt lat="38.211864" lon="128.596485">
   </trkpt>
   <trkpt lat="38.211849" lon="128.596135">
   </trkpt>
   <trkpt lat="38.211758" lon="128.595773">
   </trkpt>
   <trkpt lat="38.210957" lon="128.594593">
   </trkpt>
   <trkpt lat="38.210706" lon="128.594191">
   </trkpt>
   <trkpt lat="38.210564" lon="128.594068">
   </trkpt>
   <trkpt lat="38.210197" lon="128.593892">
   </trkpt>
   <trkpt lat="38.209287" lon="128.593914">
   </trkpt>
   <trkpt lat="38.206847" lon="128.593905">
   </trkpt>
   <trkpt lat="38.206662" lon="128.593889">
   </trkpt>
   <trkpt lat="38.203381" lon="128.593182">
   </trkpt>
   <trkpt lat="38.203081" lon="128.593136">
   </trkpt>
   <trkpt lat="38.202711" lon="128.593152">
   </trkpt>
   <trkpt lat="38.202247" lon="128.593242">
   </trkpt>
   <trkpt lat="38.201917" lon="128.593347">
   </trkpt>
   <trkpt lat="38.199488" lon="128.594153">
   </trkpt>
   <trkpt lat="38.198445" lon="128.59455">
   </trkpt>
   <trkpt lat="38.198527" lon="128.595094">
   </trkpt>
   <trkpt lat="38.198691" lon="128.595633">
   </trkpt>
   <trkpt lat="38.197353" lon="128.596219">
   </trkpt>
   <trkpt lat="38.196849" lon="128.596322">
   </trkpt>
   <trkpt lat="38.196714" lon="128.596379">
   </trkpt>
   <trkpt lat="38.194646" lon="128.597336">
   </trkpt>
   <trkpt lat="38.19473" lon="128.597621">
   </trkpt>
   <trkpt lat="38.195282" lon="128.599767">
   </trkpt>
   <trkpt lat="38.194375" lon="128.600721">
   </trkpt>
   <trkpt lat="38.193899" lon="128.601081">
   </trkpt>
   <trkpt lat="38.191802" lon="128.603099">
   </trkpt>
   <trkpt lat="38.191736" lon="128.603128">
   </trkpt>
   <trkpt lat="38.191686" lon="128.603124">
   </trkpt>
   <trkpt lat="38.191389" lon="128.60302">
   </trkpt>
   <trkpt lat="38.191185" lon="128.602892">
   </trkpt>
   <trkpt lat="38.190993" lon="128.602711">
   </trkpt>
   <trkpt lat="38.190718" lon="128.602389">
   </trkpt>
   <trkpt lat="38.190628" lon="128.602348">
   </trkpt>
   <trkpt lat="38.190487" lon="128.602381">
   </trkpt>
   <trkpt lat="38.188509" lon="128.604176">
   </trkpt>
   <trkpt lat="38.188111" lon="128.604488">
   </trkpt>
   <trkpt lat="38.187748" lon="128.604745">
   </trkpt>
   <trkpt lat="38.186474" lon="128.605406">
   </trkpt>
   <trkpt lat="38.18528" lon="128.606099">
   </trkpt>
   <trkpt lat="38.18384" lon="128.606969">
   </trkpt>
   <trkpt lat="38.183134" lon="128.60736">
   </trkpt>
   <trkpt lat="38.182538" lon="128.607751">
   </trkpt>
   <trkpt lat="38.180894" lon="128.608724">
   </trkpt>
   <trkpt lat="38.179996" lon="128.609199">
   </trkpt>
   <trkpt lat="38.179844" lon="128.609258">
   </trkpt>
   <trkpt lat="38.179602" lon="128.609281">
   </trkpt>
   <trkpt lat="38.179413" lon="128.609262">
   </trkpt>
   <trkpt lat="38.1785" lon="128.609053">
   </trkpt>
   <trkpt lat="38.178074" lon="128.608997">
   </trkpt>
   <trkpt lat="38.177881" lon="128.60899">
   </trkpt>
   <trkpt lat="38.177667" lon="128.609031">
   </trkpt>
   <trkpt lat="38.177047" lon="128.60934">
   </trkpt>
   <trkpt lat="38.176802" lon="128.609384">
   </trkpt>
   <trkpt lat="38.17644" lon="128.609384">
   </trkpt>
   <trkpt lat="38.176057" lon="128.609315">
   </trkpt>
   <trkpt lat="38.175959" lon="128.609629">
   </trkpt>
   <trkpt lat="38.17588" lon="128.609744">
   </trkpt>
   <trkpt lat="38.175785" lon="128.60981">
   </trkpt>
   <trkpt lat="38.174817" lon="128.609766">
   </trkpt>
   <trkpt lat="38.174799" lon="128.609288">
   </trkpt>
   <trkpt lat="38.174736" lon="128.609025">
   </trkpt>
   <trkpt lat="38.174216" lon="128.607991">
   </trkpt>
   <trkpt lat="38.174397" lon="128.607871">
   </trkpt>
   <trkpt lat="38.17461" lon="128.607486">
   </trkpt>
   <trkpt lat="38.174667" lon="128.607212">
   </trkpt>
   <trkpt lat="38.174666" lon="128.606864">
   </trkpt>
   <trkpt lat="38.1746" lon="128.606456">
   </trkpt>
   <trkpt lat="38.174382" lon="128.606198">
   </trkpt>
   <trkpt lat="38.174068" lon="128.605935">
   </trkpt>
   <trkpt lat="38.1737" lon="128.605909">
   </trkpt>
   <trkpt lat="38.173297" lon="128.606096">
   </trkpt>
   <trkpt lat="38.173073" lon="128.606341">
   </trkpt>
   <trkpt lat="38.172881" lon="128.606724">
   </trkpt>
   <trkpt lat="38.172841" lon="128.607474">
   </trkpt>
   <trkpt lat="38.172767" lon="128.607535">
   </trkpt>
   <trkpt lat="38.172191" lon="128.607512">
   </trkpt>
   <trkpt lat="38.170278" lon="128.607564">
   </trkpt>
   <trkpt lat="38.169617" lon="128.608049">
   </trkpt>
   <trkpt lat="38.168918" lon="128.60669">
   </trkpt>
   <trkpt lat="38.168485" lon="128.607364">
   </trkpt>
   <trkpt lat="38.16831" lon="128.607587">
   </trkpt>
   <trkpt lat="38.168055" lon="128.607817">
   </trkpt>
   <trkpt lat="38.167812" lon="128.607997">
   </trkpt>
   <trkpt lat="38.167512" lon="128.608127">
   </trkpt>
   <trkpt lat="38.166049" lon="128.60847">
   </trkpt>
   <trkpt lat="38.165851" lon="128.608501">
   </trkpt>
   <trkpt lat="38.165658" lon="128.608495">
   </trkpt>
   <trkpt lat="38.165422" lon="128.608461">
   </trkpt>
   <trkpt lat="38.1641" lon="128.608099">
   </trkpt>
   <trkpt lat="38.163491" lon="128.60795">
   </trkpt>
   <trkpt lat="38.162551" lon="128.607836">
   </trkpt>
   <trkpt lat="38.162245" lon="128.607856">
   </trkpt>
   <trkpt lat="38.161455" lon="128.607996">
   </trkpt>
   <trkpt lat="38.161055" lon="128.608103">
   </trkpt>
   <trkpt lat="38.15903" lon="128.608729">
   </trkpt>
   <trkpt lat="38.156865" lon="128.609428">
   </trkpt>
   <trkpt lat="38.15663" lon="128.609459">
   </trkpt>
   <trkpt lat="38.156391" lon="128.609459">
   </trkpt>
   <trkpt lat="38.15622" lon="128.609432">
   </trkpt>
   <trkpt lat="38.155799" lon="128.609283">
   </trkpt>
   <trkpt lat="38.155607" lon="128.60916">
   </trkpt>
   <trkpt lat="38.155332" lon="128.608929">
   </trkpt>
   <trkpt lat="38.154803" lon="128.608421">
   </trkpt>
   <trkpt lat="38.154379" lon="128.608072">
   </trkpt>
   <trkpt lat="38.154161" lon="128.607925">
   </trkpt>
   <trkpt lat="38.153903" lon="128.607799">
   </trkpt>
   <trkpt lat="38.153677" lon="128.607712">
   </trkpt>
   <trkpt lat="38.153437" lon="128.607651">
   </trkpt>
   <trkpt lat="38.152837" lon="128.607619">
   </trkpt>
   <trkpt lat="38.151869" lon="128.607622">
   </trkpt>
   <trkpt lat="38.151441" lon="128.607662">
   </trkpt>
   <trkpt lat="38.151097" lon="128.607741">
   </trkpt>
   <trkpt lat="38.150863" lon="128.607816">
   </trkpt>
   <trkpt lat="38.150495" lon="128.60797">
   </trkpt>
   <trkpt lat="38.149955" lon="128.608254">
   </trkpt>
   <trkpt lat="38.147745" lon="128.609482">
   </trkpt>
   <trkpt lat="38.146471" lon="128.610327">
   </trkpt>
   <trkpt lat="38.145086" lon="128.61136">
   </trkpt>
   <trkpt lat="38.144858" lon="128.611504">
   </trkpt>
   <trkpt lat="38.144102" lon="128.611906">
   </trkpt>
   <trkpt lat="38.142746" lon="128.612549">
   </trkpt>
   <trkpt lat="38.142047" lon="128.612955">
   </trkpt>
   <trkpt lat="38.141229" lon="128.613519">
   </trkpt>
   <trkpt lat="38.139909" lon="128.614479">
   </trkpt>
   <trkpt lat="38.139184" lon="128.615055">
   </trkpt>
   <trkpt lat="38.138673" lon="128.615507">
   </trkpt>
   <trkpt lat="38.138192" lon="128.615978">
   </trkpt>
   <trkpt lat="38.135229" lon="128.619035">
   </trkpt>
   <trkpt lat="38.134412" lon="128.619821">
   </trkpt>
   <trkpt lat="38.134018" lon="128.620117">
   </trkpt>
   <trkpt lat="38.133595" lon="128.620377">
   </trkpt>
   <trkpt lat="38.132844" lon="128.620773">
   </trkpt>
   <trkpt lat="38.130891" lon="128.621621">
   </trkpt>
   <trkpt lat="38.13047" lon="128.621752">
   </trkpt>
   <trkpt lat="38.129853" lon="128.621911">
   </trkpt>
   <trkpt lat="38.129406" lon="128.622061">
   </trkpt>
   <trkpt lat="38.128547" lon="128.622208">
   </trkpt>
   <trkpt lat="38.127857" lon="128.62222">
   </trkpt>
   <trkpt lat="38.127824" lon="128.622372">
   </trkpt>
   <trkpt lat="38.127538" lon="128.622298">
   </trkpt>
   <trkpt lat="38.12747" lon="128.622257">
   </trkpt>
   <trkpt lat="38.126927" lon="128.622067">
   </trkpt>
   <trkpt lat="38.125786" lon="128.621439">
   </trkpt>
   <trkpt lat="38.125418" lon="128.621339">
   </trkpt>
   <trkpt lat="38.125133" lon="128.621307">
   </trkpt>
   <trkpt lat="38.124559" lon="128.621304">
   </trkpt>
   <trkpt lat="38.124235" lon="128.621346">
   </trkpt>
   <trkpt lat="38.123779" lon="128.621456">
   </trkpt>
   <trkpt lat="38.123289" lon="128.621603">
   </trkpt>
   <trkpt lat="38.12286" lon="128.621795">
   </trkpt>
   <trkpt lat="38.122052" lon="128.622322">
   </trkpt>
   <trkpt lat="38.121594" lon="128.622698">
   </trkpt>
   <trkpt lat="38.120516" lon="128.623713">
   </trkpt>
   <trkpt lat="38.120066" lon="128.624174">
   </trkpt>
   <trkpt lat="38.119889" lon="128.624412">
   </trkpt>
   <trkpt lat="38.11952" lon="128.62505">
   </trkpt>
   <trkpt lat="38.119306" lon="128.625526">
   </trkpt>
   <trkpt lat="38.119016" lon="128.626244">
   </trkpt>
   <trkpt lat="38.118839" lon="128.626839">
   </trkpt>
   <trkpt lat="38.118744" lon="128.627402">
   </trkpt>
   <trkpt lat="38.118742" lon="128.627518">
   </trkpt>
   <trkpt lat="38.11877" lon="128.627702">
   </trkpt>
   <trkpt lat="38.118831" lon="128.627862">
   </trkpt>
   <trkpt lat="38.118788" lon="128.627893">
   </trkpt>
   <trkpt lat="38.11905" lon="128.628493">
   </trkpt>
   <trkpt lat="38.119305" lon="128.629138">
   </trkpt>
   <trkpt lat="38.119437" lon="128.629303">
   </trkpt>
   <trkpt lat="38.11933" lon="128.629578">
   </trkpt>
   <trkpt lat="38.119169" lon="128.629719">
   </trkpt>
   <trkpt lat="38.118246" lon="128.630333">
   </trkpt>
   <trkpt lat="38.117657" lon="128.630774">
   </trkpt>
   <trkpt lat="38.117095" lon="128.631132">
   </trkpt>
   <trkpt lat="38.116675" lon="128.631432">
   </trkpt>
   <trkpt lat="38.116181" lon="128.631868">
   </trkpt>
   <trkpt lat="38.115778" lon="128.632288">
   </trkpt>
   <trkpt lat="38.11448" lon="128.633548">
   </trkpt>
   <trkpt lat="38.114374" lon="128.63367">
   </trkpt>
   <trkpt lat="38.113898" lon="128.634319">
   </trkpt>
   <trkpt lat="38.113523" lon="128.634943">
   </trkpt>
   <trkpt lat="38.113313" lon="128.635196">
   </trkpt>
   <trkpt lat="38.113136" lon="128.635364">
   </trkpt>
   <trkpt lat="38.112789" lon="128.635637">
   </trkpt>
   <trkpt lat="38.11245" lon="128.635834">
   </trkpt>
   <trkpt lat="38.112147" lon="128.636056">
   </trkpt>
   <trkpt lat="38.111722" lon="128.636455">
   </trkpt>
   <trkpt lat="38.110613" lon="128.637802">
   </trkpt>
   <trkpt lat="38.110442" lon="128.637987">
   </trkpt>
   <trkpt lat="38.109003" lon="128.639365">
   </trkpt>
   <trkpt lat="38.108322" lon="128.639984">
   </trkpt>
   <trkpt lat="38.107765" lon="128.640532">
   </trkpt>
   <trkpt lat="38.107553" lon="128.640686">
   </trkpt>
   <trkpt lat="38.107188" lon="128.64085">
   </trkpt>
   <trkpt lat="38.106718" lon="128.640954">
   </trkpt>
   <trkpt lat="38.106273" lon="128.640938">
   </trkpt>
   <trkpt lat="38.104998" lon="128.640588">
   </trkpt>
   <trkpt lat="38.104336" lon="128.640424">
   </trkpt>
   <trkpt lat="38.102849" lon="128.639986">
   </trkpt>
   <trkpt lat="38.101134" lon="128.64867">
   </trkpt>
   <trkpt lat="38.101012" lon="128.649117">
   </trkpt>
   <trkpt lat="38.100842" lon="128.649643">
   </trkpt>
   <trkpt lat="38.100648" lon="128.650134">
   </trkpt>
   <trkpt lat="38.100537" lon="128.650373">
   </trkpt>
   <trkpt lat="38.100301" lon="128.650802">
   </trkpt>
   <trkpt lat="38.099797" lon="128.651538">
   </trkpt>
   <trkpt lat="38.099567" lon="128.651821">
   </trkpt>
   <trkpt lat="38.098901" lon="128.652473">
   </trkpt>
   <trkpt lat="38.097214" lon="128.653972">
   </trkpt>
   <trkpt lat="38.096371" lon="128.654682">
   </trkpt>
   <trkpt lat="38.093854" lon="128.656882">
   </trkpt>
   <trkpt lat="38.093203" lon="128.657608">
   </trkpt>
   <trkpt lat="38.092447" lon="128.658647">
   </trkpt>
   <trkpt lat="38.092211" lon="128.658937">
   </trkpt>
   <trkpt lat="38.091521" lon="128.65971">
   </trkpt>
   <trkpt lat="38.090948" lon="128.660205">
   </trkpt>
   <trkpt lat="38.089077" lon="128.661708">
   </trkpt>
   <trkpt lat="38.088129" lon="128.66295">
   </trkpt>
   <trkpt lat="38.087801" lon="128.663319">
   </trkpt>
   <trkpt lat="38.087466" lon="128.663649">
   </trkpt>
   <trkpt lat="38.087178" lon="128.663871">
   </trkpt>
   <trkpt lat="38.086974" lon="128.663988">
   </trkpt>
   <trkpt lat="38.086367" lon="128.664298">
   </trkpt>
   <trkpt lat="38.085641" lon="128.664596">
   </trkpt>
   <trkpt lat="38.085013" lon="128.664897">
   </trkpt>
   <trkpt lat="38.083665" lon="128.665621">
   </trkpt>
   <trkpt lat="38.082671" lon="128.666283">
   </trkpt>
   <trkpt lat="38.081732" lon="128.667148">
   </trkpt>
   <trkpt lat="38.079815" lon="128.669015">
   </trkpt>
   <trkpt lat="38.079299" lon="128.669491">
   </trkpt>
   <trkpt lat="38.078953" lon="128.669786">
   </trkpt>
   <trkpt lat="38.078801" lon="128.669893">
   </trkpt>
   <trkpt lat="38.076626" lon="128.671202">
   </trkpt>
   <trkpt lat="38.075895" lon="128.671602">
   </trkpt>
   <trkpt lat="38.075568" lon="128.671751">
   </trkpt>
   <trkpt lat="38.074703" lon="128.672059">
   </trkpt>
   <trkpt lat="38.073972" lon="128.672233">
   </trkpt>
   <trkpt lat="38.073208" lon="128.672493">
   </trkpt>
   <trkpt lat="38.072176" lon="128.672977">
   </trkpt>
   <trkpt lat="38.071188" lon="128.673485">
   </trkpt>
   <trkpt lat="38.070273" lon="128.673926">
   </trkpt>
   <trkpt lat="38.069354" lon="128.674467">
   </trkpt>
   <trkpt lat="38.068518" lon="128.675064">
   </trkpt>
   <trkpt lat="38.068124" lon="128.675284">
   </trkpt>
   <trkpt lat="38.067407" lon="128.675537">
   </trkpt>
   <trkpt lat="38.066265" lon="128.675756">
   </trkpt>
   <trkpt lat="38.065803" lon="128.675894">
   </trkpt>
   <trkpt lat="38.065054" lon="128.676259">
   </trkpt>
   <trkpt lat="38.064018" lon="128.67729">
   </trkpt>
   <trkpt lat="38.062898" lon="128.678533">
   </trkpt>
   <trkpt lat="38.061977" lon="128.679514">
   </trkpt>
   <trkpt lat="38.061681" lon="128.679867">
   </trkpt>
   <trkpt lat="38.061465" lon="128.680092">
   </trkpt>
   <trkpt lat="38.060996" lon="128.680486">
   </trkpt>
   <trkpt lat="38.060684" lon="128.680656">
   </trkpt>
   <trkpt lat="38.060058" lon="128.681103">
   </trkpt>
   <trkpt lat="38.059653" lon="128.68153">
   </trkpt>
   <trkpt lat="38.059284" lon="128.681952">
   </trkpt>
   <trkpt lat="38.059111" lon="128.682122">
   </trkpt>
   <trkpt lat="38.058898" lon="128.682257">
   </trkpt>
   <trkpt lat="38.058749" lon="128.682297">
   </trkpt>
   <trkpt lat="38.058581" lon="128.682306">
   </trkpt>
   <trkpt lat="38.058427" lon="128.682291">
   </trkpt>
   <trkpt lat="38.058274" lon="128.682244">
   </trkpt>
   <trkpt lat="38.057566" lon="128.681854">
   </trkpt>
   <trkpt lat="38.057335" lon="128.681758">
   </trkpt>
   <trkpt lat="38.05706" lon="128.681716">
   </trkpt>
   <trkpt lat="38.056798" lon="128.681748">
   </trkpt>
   <trkpt lat="38.056565" lon="128.681842">
   </trkpt>
   <trkpt lat="38.05631" lon="128.681997">
   </trkpt>
   <trkpt lat="38.056223" lon="128.682071">
   </trkpt>
   <trkpt lat="38.055866" lon="128.682545">
   </trkpt>
   <trkpt lat="38.055754" lon="128.682659">
   </trkpt>
   <trkpt lat="38.055592" lon="128.682762">
   </trkpt>
   <trkpt lat="38.054596" lon="128.683252">
   </trkpt>
   <trkpt lat="38.052784" lon="128.684246">
   </trkpt>
   <trkpt lat="38.051283" lon="128.685041">
   </trkpt>
   <trkpt lat="38.051002" lon="128.685158">
   </trkpt>
   <trkpt lat="38.050286" lon="128.685284">
   </trkpt>
   <trkpt lat="38.0501" lon="128.685354">
   </trkpt>
   <trkpt lat="38.049917" lon="128.6855">
   </trkpt>
   <trkpt lat="38.049633" lon="128.685807">
   </trkpt>
   <trkpt lat="38.049432" lon="128.685946">
   </trkpt>
   <trkpt lat="38.04797" lon="128.686564">
   </trkpt>
   <trkpt lat="38.047187" lon="128.686848">
   </trkpt>
   <trkpt lat="38.046935" lon="128.687189">
   </trkpt>
   <trkpt lat="38.046008" lon="128.688291">
   </trkpt>
   <trkpt lat="38.045208" lon="128.689404">
   </trkpt>
   <trkpt lat="38.04431" lon="128.690548">
   </trkpt>
   <trkpt lat="38.04332" lon="128.691959">
   </trkpt>
   <trkpt lat="38.043081" lon="128.692261">
   </trkpt>
   <trkpt lat="38.042859" lon="128.692511">
   </trkpt>
   <trkpt lat="38.042676" lon="128.692664">
   </trkpt>
   <trkpt lat="38.042459" lon="128.692763">
   </trkpt>
   <trkpt lat="38.041582" lon="128.693319">
   </trkpt>
   <trkpt lat="38.041087" lon="128.693667">
   </trkpt>
   <trkpt lat="38.040182" lon="128.694383">
   </trkpt>
   <trkpt lat="38.039775" lon="128.694784">
   </trkpt>
   <trkpt lat="38.038342" lon="128.69677">
   </trkpt>
   <trkpt lat="38.037666" lon="128.697635">
   </trkpt>
   <trkpt lat="38.037603" lon="128.698074">
   </trkpt>
   <trkpt lat="38.037525" lon="128.698354">
   </trkpt>
   <trkpt lat="38.037169" lon="128.699234">
   </trkpt>
   <trkpt lat="38.037025" lon="128.699543">
   </trkpt>
   <trkpt lat="38.036562" lon="128.700285">
   </trkpt>
   <trkpt lat="38.036238" lon="128.700776">
   </trkpt>
   <trkpt lat="38.036185" lon="128.700811">
   </trkpt>
   <trkpt lat="38.036128" lon="128.700954">
   </trkpt>
   <trkpt lat="38.035455" lon="128.701796">
   </trkpt>
   <trkpt lat="38.035174" lon="128.702173">
   </trkpt>
   <trkpt lat="38.034859" lon="128.702503">
   </trkpt>
   <trkpt lat="38.034543" lon="128.703017">
   </trkpt>
   <trkpt lat="38.034198" lon="128.703394">
   </trkpt>
   <trkpt lat="38.033743" lon="128.703963">
   </trkpt>
   <trkpt lat="38.033599" lon="128.704217">
   </trkpt>
   <trkpt lat="38.032606" lon="128.705453">
   </trkpt>
   <trkpt lat="38.031306" lon="128.70712">
   </trkpt>
   <trkpt lat="38.029827" lon="128.708974">
   </trkpt>
   <trkpt lat="38.029369" lon="128.709611">
   </trkpt>
   <trkpt lat="38.028877" lon="128.710254">
   </trkpt>
   <trkpt lat="38.026349" lon="128.713499">
   </trkpt>
   <trkpt lat="38.02626" lon="128.713565">
   </trkpt>
   <trkpt lat="38.026188" lon="128.713589">
   </trkpt>
   <trkpt lat="38.026119" lon="128.713557">
   </trkpt>
   <trkpt lat="38.02583" lon="128.713283">
   </trkpt>
   <trkpt lat="38.025745" lon="128.713434">
   </trkpt>
   <trkpt lat="38.025669" lon="128.713632">
   </trkpt>
   <trkpt lat="38.02569" lon="128.713818">
   </trkpt>
   <trkpt lat="38.025261" lon="128.714625">
   </trkpt>
   <trkpt lat="38.024766" lon="128.715613">
   </trkpt>
   <trkpt lat="38.024042" lon="128.716827">
   </trkpt>
   <trkpt lat="38.023723" lon="128.717273">
   </trkpt>
   <trkpt lat="38.02339" lon="128.717695">
   </trkpt>
   <trkpt lat="38.021323" lon="128.720026">
   </trkpt>
   <trkpt lat="38.020281" lon="128.720969">
   </trkpt>
   <trkpt lat="38.019647" lon="128.721588">
   </trkpt>
   <trkpt lat="38.017005" lon="128.724013">
   </trkpt>
   <trkpt lat="38.016654" lon="128.724236">
   </trkpt>
   <trkpt lat="38.016325" lon="128.724372">
   </trkpt>
   <trkpt lat="38.015928" lon="128.724502">
   </trkpt>
   <trkpt lat="38.015599" lon="128.724567">
   </trkpt>
   <trkpt lat="38.015242" lon="128.724588">
   </trkpt>
   <trkpt lat="38.014805" lon="128.724574">
   </trkpt>
   <trkpt lat="38.013985" lon="128.724507">
   </trkpt>
   <trkpt lat="38.013573" lon="128.724556">
   </trkpt>
   <trkpt lat="38.013234" lon="128.724654">
   </trkpt>
   <trkpt lat="38.012906" lon="128.724812">
   </trkpt>
   <trkpt lat="38.012751" lon="128.724917">
   </trkpt>
   <trkpt lat="38.012368" lon="128.725221">
   </trkpt>
   <trkpt lat="38.011837" lon="128.72584">
   </trkpt>
   <trkpt lat="38.01154" lon="128.726279">
   </trkpt>
   <trkpt lat="38.010632" lon="128.727778">
   </trkpt>
   <trkpt lat="38.010383" lon="128.728133">
   </trkpt>
   <trkpt lat="38.010054" lon="128.728474">
   </trkpt>
   <trkpt lat="38.009754" lon="128.728733">
   </trkpt>
   <trkpt lat="38.009419" lon="128.728942">
   </trkpt>
   <trkpt lat="38.009125" lon="128.729093">
   </trkpt>
   <trkpt lat="38.008893" lon="128.729171">
   </trkpt>
   <trkpt lat="38.006862" lon="128.729546">
   </trkpt>
   <trkpt lat="38.006465" lon="128.729654">
   </trkpt>
   <trkpt lat="38.006119" lon="128.729792">
   </trkpt>
   <trkpt lat="38.005814" lon="128.729964">
   </trkpt>
   <trkpt lat="38.005439" lon="128.730258">
   </trkpt>
   <trkpt lat="38.005314" lon="128.730388">
   </trkpt>
   <trkpt lat="38.005426" lon="128.730555">
   </trkpt>
   <trkpt lat="38.005309" lon="128.730627">
   </trkpt>
   <trkpt lat="38.00492" lon="128.731201">
   </trkpt>
   <trkpt lat="38.00481" lon="128.731409">
   </trkpt>
   <trkpt lat="38.004743" lon="128.731494">
   </trkpt>
   <trkpt lat="38.00409" lon="128.732598">
   </trkpt>
   <trkpt lat="38.004015" lon="128.732783">
   </trkpt>
   <trkpt lat="38.003714" lon="128.733384">
   </trkpt>
   <trkpt lat="38.003462" lon="128.733733">
   </trkpt>
   <trkpt lat="38.003286" lon="128.73393">
   </trkpt>
   <trkpt lat="38.002691" lon="128.734862">
   </trkpt>
   <trkpt lat="38.002726" lon="128.734913">
   </trkpt>
   <trkpt lat="38.002852" lon="128.734698">
   </trkpt>
   <trkpt lat="38.00289" lon="128.734731">
   </trkpt>
   <trkpt lat="38.002688" lon="128.735051">
   </trkpt>
   <trkpt lat="38.002407" lon="128.734837">
   </trkpt>
   <trkpt lat="38.002224" lon="128.734801">
   </trkpt>
   <trkpt lat="38.00206" lon="128.735254">
   </trkpt>
   <trkpt lat="38.001529" lon="128.73605">
   </trkpt>
   <trkpt lat="38.001166" lon="128.736404">
   </trkpt>
   <trkpt lat="38.000731" lon="128.736677">
   </trkpt>
   <trkpt lat="38.000544" lon="128.736769">
   </trkpt>
   <trkpt lat="37.999872" lon="128.73696">
   </trkpt>
   <trkpt lat="37.999198" lon="128.737095">
   </trkpt>
   <trkpt lat="37.997745" lon="128.737529">
   </trkpt>
   <trkpt lat="37.996906" lon="128.737978">
   </trkpt>
   <trkpt lat="37.996796" lon="128.738132">
   </trkpt>
   <trkpt lat="37.995931" lon="128.739047">
   </trkpt>
   <trkpt lat="37.995419" lon="128.739626">
   </trkpt>
   <trkpt lat="37.995022" lon="128.740201">
   </trkpt>
   <trkpt lat="37.994161" lon="128.740962">
   </trkpt>
   <trkpt lat="37.993428" lon="128.741452">
   </trkpt>
   <trkpt lat="37.992633" lon="128.741891">
   </trkpt>
   <trkpt lat="37.992236" lon="128.742293">
   </trkpt>
   <trkpt lat="37.991791" lon="128.742008">
   </trkpt>
   <trkpt lat="37.991422" lon="128.74205">
   </trkpt>
   <trkpt lat="37.991042" lon="128.742227">
   </trkpt>
   <trkpt lat="37.990972" lon="128.742292">
   </trkpt>
   <trkpt lat="37.990745" lon="128.742979">
   </trkpt>
   <trkpt lat="37.990425" lon="128.743544">
   </trkpt>
   <trkpt lat="37.990005" lon="128.743901">
   </trkpt>
   <trkpt lat="37.989505" lon="128.74363">
   </trkpt>
   <trkpt lat="37.989251" lon="128.743713">
   </trkpt>
   <trkpt lat="37.989008" lon="128.743988">
   </trkpt>
   <trkpt lat="37.988787" lon="128.744614">
   </trkpt>
   <trkpt lat="37.988599" lon="128.745212">
   </trkpt>
   <trkpt lat="37.988476" lon="128.745728">
   </trkpt>
   <trkpt lat="37.988482" lon="128.746122">
   </trkpt>
   <trkpt lat="37.988209" lon="128.746412">
   </trkpt>
   <trkpt lat="37.987661" lon="128.74743">
   </trkpt>
   <trkpt lat="37.98726" lon="128.748105">
   </trkpt>
   <trkpt lat="37.987059" lon="128.748084">
   </trkpt>
   <trkpt lat="37.987048" lon="128.748099">
   </trkpt>
   <trkpt lat="37.987037" lon="128.748425">
   </trkpt>
   <trkpt lat="37.987211" lon="128.748781">
   </trkpt>
   <trkpt lat="37.987217" lon="128.748907">
   </trkpt>
   <trkpt lat="37.987166" lon="128.748987">
   </trkpt>
   <trkpt lat="37.986856" lon="128.749173">
   </trkpt>
   <trkpt lat="37.986807" lon="128.74924">
   </trkpt>
   <trkpt lat="37.986786" lon="128.749335">
   </trkpt>
   <trkpt lat="37.986788" lon="128.749535">
   </trkpt>
   <trkpt lat="37.986171" lon="128.750601">
   </trkpt>
   <trkpt lat="37.985834" lon="128.751119">
   </trkpt>
   <trkpt lat="37.984515" lon="128.751997">
   </trkpt>
   <trkpt lat="37.984412" lon="128.751955">
   </trkpt>
   <trkpt lat="37.984091" lon="128.75146">
   </trkpt>
   <trkpt lat="37.983905" lon="128.751659">
   </trkpt>
   <trkpt lat="37.983598" lon="128.752317">
   </trkpt>
   <trkpt lat="37.983389" lon="128.752368">
   </trkpt>
   <trkpt lat="37.983198" lon="128.752527">
   </trkpt>
   <trkpt lat="37.982793" lon="128.753591">
   </trkpt>
   <trkpt lat="37.982524" lon="128.754432">
   </trkpt>
   <trkpt lat="37.982064" lon="128.755282">
   </trkpt>
   <trkpt lat="37.981915" lon="128.755497">
   </trkpt>
   <trkpt lat="37.981608" lon="128.75588">
   </trkpt>
   <trkpt lat="37.981425" lon="128.75619">
   </trkpt>
   <trkpt lat="37.981335" lon="128.756873">
   </trkpt>
   <trkpt lat="37.98115" lon="128.757799">
   </trkpt>
   <trkpt lat="37.980988" lon="128.758535">
   </trkpt>
   <trkpt lat="37.980763" lon="128.759257">
   </trkpt>
   <trkpt lat="37.980444" lon="128.759786">
   </trkpt>
   <trkpt lat="37.980318" lon="128.7599">
   </trkpt>
   <trkpt lat="37.980187" lon="128.759969">
   </trkpt>
   <trkpt lat="37.979871" lon="128.760036">
   </trkpt>
   <trkpt lat="37.979829" lon="128.76008">
   </trkpt>
   <trkpt lat="37.979748" lon="128.760219">
   </trkpt>
   <trkpt lat="37.979647" lon="128.760283">
   </trkpt>
   <trkpt lat="37.979507" lon="128.760311">
   </trkpt>
   <trkpt lat="37.978827" lon="128.759997">
   </trkpt>
   <trkpt lat="37.978049" lon="128.759335">
   </trkpt>
   <trkpt lat="37.977954" lon="128.759284">
   </trkpt>
   <trkpt lat="37.977864" lon="128.759261">
   </trkpt>
   <trkpt lat="37.976991" lon="128.759164">
   </trkpt>
   <trkpt lat="37.976842" lon="128.759124">
   </trkpt>
   <trkpt lat="37.976505" lon="128.758878">
   </trkpt>
   <trkpt lat="37.97644" lon="128.758815">
   </trkpt>
   <trkpt lat="37.976403" lon="128.758702">
   </trkpt>
   <trkpt lat="37.976393" lon="128.758555">
   </trkpt>
   <trkpt lat="37.976313" lon="128.75859">
   </trkpt>
   <trkpt lat="37.975617" lon="128.7587">
   </trkpt>
   <trkpt lat="37.974508" lon="128.759163">
   </trkpt>
   <trkpt lat="37.974212" lon="128.759235">
   </trkpt>
   <trkpt lat="37.972599" lon="128.759425">
   </trkpt>
   <trkpt lat="37.972093" lon="128.759536">
   </trkpt>
   <trkpt lat="37.971676" lon="128.759812">
   </trkpt>
   <trkpt lat="37.971096" lon="128.760354">
   </trkpt>
   <trkpt lat="37.970767" lon="128.760563">
   </trkpt>
   <trkpt lat="37.970435" lon="128.760715">
   </trkpt>
   <trkpt lat="37.970224" lon="128.760769">
   </trkpt>
   <trkpt lat="37.969907" lon="128.761003">
   </trkpt>
   <trkpt lat="37.969679" lon="128.761026">
   </trkpt>
   <trkpt lat="37.968728" lon="128.761262">
   </trkpt>
   <trkpt lat="37.967326" lon="128.761801">
   </trkpt>
   <trkpt lat="37.967019" lon="128.762034">
   </trkpt>
   <trkpt lat="37.966652" lon="128.762411">
   </trkpt>
   <trkpt lat="37.966179" lon="128.762875">
   </trkpt>
   <trkpt lat="37.965597" lon="128.763379">
   </trkpt>
   <trkpt lat="37.965073" lon="128.763794">
   </trkpt>
   <trkpt lat="37.964473" lon="128.764386">
   </trkpt>
   <trkpt lat="37.964029" lon="128.764678">
   </trkpt>
   <trkpt lat="37.963221" lon="128.765128">
   </trkpt>
   <trkpt lat="37.96186" lon="128.765735">
   </trkpt>
   <trkpt lat="37.960789" lon="128.766244">
   </trkpt>
   <trkpt lat="37.958943" lon="128.767172">
   </trkpt>
   <trkpt lat="37.958403" lon="128.767508">
   </trkpt>
   <trkpt lat="37.957658" lon="128.76803">
   </trkpt>
   <trkpt lat="37.956666" lon="128.768874">
   </trkpt>
   <trkpt lat="37.955358" lon="128.769906">
   </trkpt>
   <trkpt lat="37.955195" lon="128.769914">
   </trkpt>
   <trkpt lat="37.955065" lon="128.769959">
   </trkpt>
   <trkpt lat="37.954336" lon="128.770806">
   </trkpt>
   <trkpt lat="37.954138" lon="128.770873">
   </trkpt>
   <trkpt lat="37.953639" lon="128.771423">
   </trkpt>
   <trkpt lat="37.95119" lon="128.77422">
   </trkpt>
   <trkpt lat="37.946067" lon="128.779866">
   </trkpt>
   <trkpt lat="37.945669" lon="128.780327">
   </trkpt>
   <trkpt lat="37.945293" lon="128.780698">
   </trkpt>
   <trkpt lat="37.944667" lon="128.781197">
   </trkpt>
   <trkpt lat="37.944299" lon="128.781438">
   </trkpt>
   <trkpt lat="37.943918" lon="128.781658">
   </trkpt>
   <trkpt lat="37.941938" lon="128.782666">
   </trkpt>
   <trkpt lat="37.941693" lon="128.782827">
   </trkpt>
   <trkpt lat="37.941408" lon="128.783087">
   </trkpt>
   <trkpt lat="37.941524" lon="128.783247">
   </trkpt>
   <trkpt lat="37.941309" lon="128.783558">
   </trkpt>
   <trkpt lat="37.941241" lon="128.783703">
   </trkpt>
   <trkpt lat="37.94119" lon="128.78388">
   </trkpt>
   <trkpt lat="37.941148" lon="128.784191">
   </trkpt>
   <trkpt lat="37.941051" lon="128.784663">
   </trkpt>
   <trkpt lat="37.940573" lon="128.785634">
   </trkpt>
   <trkpt lat="37.940412" lon="128.785854">
   </trkpt>
   <trkpt lat="37.940268" lon="128.785988">
   </trkpt>
   <trkpt lat="37.940103" lon="128.786058">
   </trkpt>
   <trkpt lat="37.940123" lon="128.786189">
   </trkpt>
   <trkpt lat="37.940096" lon="128.786392">
   </trkpt>
   <trkpt lat="37.939948" lon="128.786892">
   </trkpt>
   <trkpt lat="37.939956" lon="128.787114">
   </trkpt>
   <trkpt lat="37.939869" lon="128.787197">
   </trkpt>
   <trkpt lat="37.939799" lon="128.787312">
   </trkpt>
   <trkpt lat="37.939775" lon="128.787417">
   </trkpt>
   <trkpt lat="37.939669" lon="128.787669">
   </trkpt>
   <trkpt lat="37.939596" lon="128.787775">
   </trkpt>
   <trkpt lat="37.939431" lon="128.787539">
   </trkpt>
   <trkpt lat="37.939028" lon="128.787308">
   </trkpt>
   <trkpt lat="37.938413" lon="128.787014">
   </trkpt>
   <trkpt lat="37.938223" lon="128.786898">
   </trkpt>
   <trkpt lat="37.936129" lon="128.787678">
   </trkpt>
   <trkpt lat="37.93592" lon="128.787808">
   </trkpt>
   <trkpt lat="37.935586" lon="128.788067">
   </trkpt>
   <trkpt lat="37.934027" lon="128.789353">
   </trkpt>
   <trkpt lat="37.933185" lon="128.790081">
   </trkpt>
   <trkpt lat="37.932647" lon="128.790646">
   </trkpt>
   <trkpt lat="37.930055" lon="128.793156">
   </trkpt>
   <trkpt lat="37.928625" lon="128.794617">
   </trkpt>
   <trkpt lat="37.927996" lon="128.795443">
   </trkpt>
   <trkpt lat="37.925604" lon="128.798256">
   </trkpt>
   <trkpt lat="37.923357" lon="128.801379">
   </trkpt>
   <trkpt lat="37.922395" lon="128.802631">
   </trkpt>
   <trkpt lat="37.922056" lon="128.803104">
   </trkpt>
   <trkpt lat="37.921858" lon="128.803391">
   </trkpt>
   <trkpt lat="37.921685" lon="128.803739">
   </trkpt>
   <trkpt lat="37.921468" lon="128.804104">
   </trkpt>
   <trkpt lat="37.921056" lon="128.804704">
   </trkpt>
   <trkpt lat="37.920817" lon="128.80499">
   </trkpt>
   <trkpt lat="37.920274" lon="128.805574">
   </trkpt>
   <trkpt lat="37.920104" lon="128.8058">
   </trkpt>
   <trkpt lat="37.919859" lon="128.806168">
   </trkpt>
   <trkpt lat="37.919272" lon="128.806941">
   </trkpt>
   <trkpt lat="37.919103" lon="128.807098">
   </trkpt>
   <trkpt lat="37.919046" lon="128.807255">
   </trkpt>
   <trkpt lat="37.918346" lon="128.808183">
   </trkpt>
   <trkpt lat="37.91811" lon="128.808495">
   </trkpt>
   <trkpt lat="37.917533" lon="128.809199">
   </trkpt>
   <trkpt lat="37.917462" lon="128.809382">
   </trkpt>
   <trkpt lat="37.915687" lon="128.811632">
   </trkpt>
   <trkpt lat="37.914932" lon="128.812728">
   </trkpt>
   <trkpt lat="37.914403" lon="128.813527">
   </trkpt>
   <trkpt lat="37.914048" lon="128.814123">
   </trkpt>
   <trkpt lat="37.913601" lon="128.814926">
   </trkpt>
   <trkpt lat="37.913536" lon="128.814999">
   </trkpt>
   <trkpt lat="37.913459" lon="128.815043">
   </trkpt>
   <trkpt lat="37.913377" lon="128.81505">
   </trkpt>
   <trkpt lat="37.913296" lon="128.81503">
   </trkpt>
   <trkpt lat="37.912878" lon="128.814796">
   </trkpt>
   <trkpt lat="37.912841" lon="128.814793">
   </trkpt>
   <trkpt lat="37.912815" lon="128.814817">
   </trkpt>
   <trkpt lat="37.912216" lon="128.815698">
   </trkpt>
   <trkpt lat="37.912598" lon="128.816187">
   </trkpt>
   <trkpt lat="37.912631" lon="128.816288">
   </trkpt>
   <trkpt lat="37.912645" lon="128.816479">
   </trkpt>
   <trkpt lat="37.912633" lon="128.816578">
   </trkpt>
   <trkpt lat="37.91259" lon="128.816674">
   </trkpt>
   <trkpt lat="37.911274" lon="128.818354">
   </trkpt>
   <trkpt lat="37.909999" lon="128.819926">
   </trkpt>
   <trkpt lat="37.909456" lon="128.820758">
   </trkpt>
   <trkpt lat="37.909091" lon="128.821192">
   </trkpt>
   <trkpt lat="37.907765" lon="128.82285">
   </trkpt>
   <trkpt lat="37.906781" lon="128.825124">
   </trkpt>
   <trkpt lat="37.906456" lon="128.826268">
   </trkpt>
   <trkpt lat="37.906266" lon="128.827056">
   </trkpt>
   <trkpt lat="37.906424" lon="128.828008">
   </trkpt>
   <trkpt lat="37.90635" lon="128.828402">
   </trkpt>
   <trkpt lat="37.906082" lon="128.828563">
   </trkpt>
   <trkpt lat="37.905728" lon="128.82866">
   </trkpt>
   <trkpt lat="37.905626" lon="128.828762">
   </trkpt>
   <trkpt lat="37.905411" lon="128.829043">
   </trkpt>
   <trkpt lat="37.905245" lon="128.829165">
   </trkpt>
   <trkpt lat="37.90506" lon="128.829213">
   </trkpt>
   <trkpt lat="37.903834" lon="128.829192">
   </trkpt>
   <trkpt lat="37.903546" lon="128.829234">
   </trkpt>
   <trkpt lat="37.902345" lon="128.829689">
   </trkpt>
   <trkpt lat="37.902126" lon="128.829861">
   </trkpt>
   <trkpt lat="37.902061" lon="128.829985">
   </trkpt>
   <trkpt lat="37.901978" lon="128.83026">
   </trkpt>
   <trkpt lat="37.901951" lon="128.830539">
   </trkpt>
   <trkpt lat="37.901891" lon="128.830803">
   </trkpt>
   <trkpt lat="37.901757" lon="128.830971">
   </trkpt>
   <trkpt lat="37.901607" lon="128.831086">
   </trkpt>
   <trkpt lat="37.901414" lon="128.831146">
   </trkpt>
   <trkpt lat="37.901016" lon="128.831321">
   </trkpt>
   <trkpt lat="37.900886" lon="128.831437">
   </trkpt>
   <trkpt lat="37.899851" lon="128.833872">
   </trkpt>
   <trkpt lat="37.899752" lon="128.833995">
   </trkpt>
   <trkpt lat="37.899627" lon="128.834054">
   </trkpt>
   <trkpt lat="37.899433" lon="128.834078">
   </trkpt>
   <trkpt lat="37.899146" lon="128.83405">
   </trkpt>
   <trkpt lat="37.898995" lon="128.834017">
   </trkpt>
   <trkpt lat="37.898749" lon="128.834028">
   </trkpt>
   <trkpt lat="37.898608" lon="128.834104">
   </trkpt>
   <trkpt lat="37.898192" lon="128.834381">
   </trkpt>
   <trkpt lat="37.897736" lon="128.834614">
   </trkpt>
   <trkpt lat="37.897487" lon="128.834614">
   </trkpt>
   <trkpt lat="37.897319" lon="128.834538">
   </trkpt>
   <trkpt lat="37.897163" lon="128.83436">
   </trkpt>
   <trkpt lat="37.897024" lon="128.834085">
   </trkpt>
   <trkpt lat="37.896933" lon="128.833943">
   </trkpt>
   <trkpt lat="37.896743" lon="128.83386">
   </trkpt>
   <trkpt lat="37.896323" lon="128.833807">
   </trkpt>
   <trkpt lat="37.896152" lon="128.83388">
   </trkpt>
   <trkpt lat="37.895827" lon="128.834198">
   </trkpt>
   <trkpt lat="37.895678" lon="128.834266">
   </trkpt>
   <trkpt lat="37.895384" lon="128.834267">
   </trkpt>
   <trkpt lat="37.894965" lon="128.834126">
   </trkpt>
   <trkpt lat="37.894886" lon="128.834023">
   </trkpt>
   <trkpt lat="37.894735" lon="128.833694">
   </trkpt>
   <trkpt lat="37.894691" lon="128.833529">
   </trkpt>
   <trkpt lat="37.89468" lon="128.833386">
   </trkpt>
   <trkpt lat="37.894822" lon="128.833042">
   </trkpt>
   <trkpt lat="37.894918" lon="128.832661">
   </trkpt>
   <trkpt lat="37.894981" lon="128.832166">
   </trkpt>
   <trkpt lat="37.894993" lon="128.83167">
   </trkpt>
   <trkpt lat="37.894859" lon="128.831281">
   </trkpt>
   <trkpt lat="37.894639" lon="128.830767">
   </trkpt>
   <trkpt lat="37.894507" lon="128.830544">
   </trkpt>
   <trkpt lat="37.894339" lon="128.830337">
   </trkpt>
   <trkpt lat="37.89405" lon="128.830023">
   </trkpt>
   <trkpt lat="37.893047" lon="128.829096">
   </trkpt>
   <trkpt lat="37.892618" lon="128.828856">
   </trkpt>
   <trkpt lat="37.891848" lon="128.828703">
   </trkpt>
   <trkpt lat="37.890419" lon="128.828327">
   </trkpt>
   <trkpt lat="37.889666" lon="128.828299">
   </trkpt>
   <trkpt lat="37.888744" lon="128.828363">
   </trkpt>
   <trkpt lat="37.888519" lon="128.828429">
   </trkpt>
   <trkpt lat="37.887357" lon="128.828858">
   </trkpt>
   <trkpt lat="37.887237" lon="128.828979">
   </trkpt>
   <trkpt lat="37.887075" lon="128.829066">
   </trkpt>
   <trkpt lat="37.886257" lon="128.829388">
   </trkpt>
   <trkpt lat="37.885683" lon="128.829615">
   </trkpt>
   <trkpt lat="37.884035" lon="128.830173">
   </trkpt>
   <trkpt lat="37.883621" lon="128.830458">
   </trkpt>
   <trkpt lat="37.883087" lon="128.830992">
   </trkpt>
   <trkpt lat="37.882689" lon="128.831308">
   </trkpt>
   <trkpt lat="37.880811" lon="128.832625">
   </trkpt>
   <trkpt lat="37.878927" lon="128.834313">
   </trkpt>
   <trkpt lat="37.878395" lon="128.834768">
   </trkpt>
   <trkpt lat="37.877289" lon="128.835797">
   </trkpt>
   <trkpt lat="37.876321" lon="128.836761">
   </trkpt>
   <trkpt lat="37.875274" lon="128.837949">
   </trkpt>
   <trkpt lat="37.874729" lon="128.838442">
   </trkpt>
   <trkpt lat="37.874122" lon="128.838936">
   </trkpt>
   <trkpt lat="37.87367" lon="128.839399">
   </trkpt>
   <trkpt lat="37.872008" lon="128.841169">
   </trkpt>
   <trkpt lat="37.87086" lon="128.842586">
   </trkpt>
   <trkpt lat="37.870755" lon="128.842755">
   </trkpt>
   <trkpt lat="37.870675" lon="128.842925">
   </trkpt>
   <trkpt lat="37.870569" lon="128.843179">
   </trkpt>
   <trkpt lat="37.870495" lon="128.843433">
   </trkpt>
   <trkpt lat="37.870362" lon="128.843736">
   </trkpt>
   <trkpt lat="37.870252" lon="128.843908">
   </trkpt>
   <trkpt lat="37.870108" lon="128.844093">
   </trkpt>
   <trkpt lat="37.869535" lon="128.844651">
   </trkpt>
   <trkpt lat="37.86907" lon="128.845134">
   </trkpt>
   <trkpt lat="37.868667" lon="128.845751">
   </trkpt>
   <trkpt lat="37.868471" lon="128.846188">
   </trkpt>
   <trkpt lat="37.868241" lon="128.846842">
   </trkpt>
   <trkpt lat="37.868034" lon="128.847625">
   </trkpt>
   <trkpt lat="37.867867" lon="128.847686">
   </trkpt>
   <trkpt lat="37.867677" lon="128.847728">
   </trkpt>
   <trkpt lat="37.866734" lon="128.848171">
   </trkpt>
   <trkpt lat="37.866563" lon="128.848176">
   </trkpt>
   <trkpt lat="37.866453" lon="128.848159">
   </trkpt>
   <trkpt lat="37.866283" lon="128.848009">
   </trkpt>
   <trkpt lat="37.866231" lon="128.847916">
   </trkpt>
   <trkpt lat="37.866112" lon="128.847414">
   </trkpt>
   <trkpt lat="37.866023" lon="128.84718">
   </trkpt>
   <trkpt lat="37.865838" lon="128.84687">
   </trkpt>
   <trkpt lat="37.865603" lon="128.846608">
   </trkpt>
   <trkpt lat="37.865373" lon="128.846417">
   </trkpt>
   <trkpt lat="37.865178" lon="128.846318">
   </trkpt>
   <trkpt lat="37.864975" lon="128.846248">
   </trkpt>
   <trkpt lat="37.864562" lon="128.846189">
   </trkpt>
   <trkpt lat="37.864255" lon="128.846206">
   </trkpt>
   <trkpt lat="37.863607" lon="128.846338">
   </trkpt>
   <trkpt lat="37.863311" lon="128.846429">
   </trkpt>
   <trkpt lat="37.863005" lon="128.846598">
   </trkpt>
   <trkpt lat="37.862668" lon="128.84688">
   </trkpt>
   <trkpt lat="37.8625" lon="128.847138">
   </trkpt>
   <trkpt lat="37.861429" lon="128.848255">
   </trkpt>
   <trkpt lat="37.860343" lon="128.849511">
   </trkpt>
   <trkpt lat="37.858489" lon="128.851597">
   </trkpt>
   <trkpt lat="37.857995" lon="128.852245">
   </trkpt>
   <trkpt lat="37.857776" lon="128.852479">
   </trkpt>
   <trkpt lat="37.857137" lon="128.853337">
   </trkpt>
   <trkpt lat="37.856478" lon="128.854091">
   </trkpt>
   <trkpt lat="37.856436" lon="128.854284">
   </trkpt>
   <trkpt lat="37.855617" lon="128.855491">
   </trkpt>
   <trkpt lat="37.85477" lon="128.856625">
   </trkpt>
   <trkpt lat="37.854123" lon="128.856683">
   </trkpt>
   <trkpt lat="37.853184" lon="128.857962">
   </trkpt>
   <trkpt lat="37.850983" lon="128.860796">
   </trkpt>
   <trkpt lat="37.848789" lon="128.863985">
   </trkpt>
   <trkpt lat="37.848497" lon="128.86467">
   </trkpt>
   <trkpt lat="37.84798" lon="128.865623">
   </trkpt>
   <trkpt lat="37.846806" lon="128.867528">
   </trkpt>
   <trkpt lat="37.846009" lon="128.8691">
   </trkpt>
   <trkpt lat="37.845866" lon="128.869338">
   </trkpt>
   <trkpt lat="37.845558" lon="128.869577">
   </trkpt>
   <trkpt lat="37.845247" lon="128.869789">
   </trkpt>
   <trkpt lat="37.845073" lon="128.869876">
   </trkpt>
   <trkpt lat="37.844024" lon="128.870268">
   </trkpt>
   <trkpt lat="37.843057" lon="128.870528">
   </trkpt>
   <trkpt lat="37.842357" lon="128.87069">
   </trkpt>
   <trkpt lat="37.838999" lon="128.871331">
   </trkpt>
   <trkpt lat="37.836095" lon="128.871966">
   </trkpt>
   <trkpt lat="37.834879" lon="128.872207">
   </trkpt>
   <trkpt lat="37.834588" lon="128.87231">
   </trkpt>
   <trkpt lat="37.834296" lon="128.872445">
   </trkpt>
   <trkpt lat="37.834024" lon="128.872602">
   </trkpt>
   <trkpt lat="37.833752" lon="128.872806">
   </trkpt>
   <trkpt lat="37.83352" lon="128.873022">
   </trkpt>
   <trkpt lat="37.833328" lon="128.873238">
   </trkpt>
   <trkpt lat="37.833027" lon="128.873536">
   </trkpt>
   <trkpt lat="37.832055" lon="128.87471">
   </trkpt>
   <trkpt lat="37.831156" lon="128.87589">
   </trkpt>
   <trkpt lat="37.830672" lon="128.876459">
   </trkpt>
   <trkpt lat="37.82901" lon="128.878242">
   </trkpt>
   <trkpt lat="37.828804" lon="128.878615">
   </trkpt>
   <trkpt lat="37.828673" lon="128.878815">
   </trkpt>
   <trkpt lat="37.827823" lon="128.879628">
   </trkpt>
   <trkpt lat="37.825645" lon="128.881976">
   </trkpt>
   <trkpt lat="37.82541" lon="128.882096">
   </trkpt>
   <trkpt lat="37.824546" lon="128.883139">
   </trkpt>
   <trkpt lat="37.823252" lon="128.884955">
   </trkpt>
   <trkpt lat="37.822283" lon="128.886272">
   </trkpt>
   <trkpt lat="37.820349" lon="128.888816">
   </trkpt>
   <trkpt lat="37.819744" lon="128.889513">
   </trkpt>
   <trkpt lat="37.81891" lon="128.890439">
   </trkpt>
   <trkpt lat="37.818522" lon="128.890845">
   </trkpt>
   <trkpt lat="37.818019" lon="128.891314">
   </trkpt>
   <trkpt lat="37.816666" lon="128.892434">
   </trkpt>
   <trkpt lat="37.81626" lon="128.89299">
   </trkpt>
   <trkpt lat="37.813545" lon="128.897064">
   </trkpt>
   <trkpt lat="37.812718" lon="128.89811">
   </trkpt>
   <trkpt lat="37.812053" lon="128.89887">
   </trkpt>
   <trkpt lat="37.81184" lon="128.899064">
   </trkpt>
   <trkpt lat="37.810479" lon="128.900529">
   </trkpt>
   <trkpt lat="37.810161" lon="128.900978">
   </trkpt>
   <trkpt lat="37.809388" lon="128.901889">
   </trkpt>
   <trkpt lat="37.806965" lon="128.905112">
   </trkpt>
   <trkpt lat="37.806382" lon="128.905797">
   </trkpt>
   <trkpt lat="37.80504" lon="128.907436">
   </trkpt>
   <trkpt lat="37.805193" lon="128.907325">
   </trkpt>
   <trkpt lat="37.80504" lon="128.907436">
   </trkpt>
   <trkpt lat="37.804686" lon="128.907088">
   </trkpt>
   <trkpt lat="37.804506" lon="128.906841">
   </trkpt>
   <trkpt lat="37.804422" lon="128.9067">
   </trkpt>
   <trkpt lat="37.804351" lon="128.906779">
   </trkpt>
   <trkpt lat="37.804287" lon="128.906737">
   </trkpt>
   <trkpt lat="37.804037" lon="128.907241">
   </trkpt>
   <trkpt lat="37.803344" lon="128.908455">
   </trkpt>
   <trkpt lat="37.802918" lon="128.909077">
   </trkpt>
   <trkpt lat="37.801864" lon="128.910276">
   </trkpt>
   <trkpt lat="37.801666" lon="128.910473">
   </trkpt>
   <trkpt lat="37.801462" lon="128.910649">
   </trkpt>
   <trkpt lat="37.80107" lon="128.910946">
   </trkpt>
   <trkpt lat="37.80062" lon="128.91122">
   </trkpt>
   <trkpt lat="37.79992" lon="128.911398">
   </trkpt>
   <trkpt lat="37.799481" lon="128.911489">
   </trkpt>
   <trkpt lat="37.798896" lon="128.911667">
   </trkpt>
   <trkpt lat="37.797919" lon="128.911858">
   </trkpt>
   <trkpt lat="37.797091" lon="128.911993">
   </trkpt>
   <trkpt lat="37.796605" lon="128.912134">
   </trkpt>
   <trkpt lat="37.79628" lon="128.912335">
   </trkpt>
   <trkpt lat="37.795929" lon="128.912713">
   </trkpt>
   <trkpt lat="37.795709" lon="128.913069">
   </trkpt>
   <trkpt lat="37.794777" lon="128.915077">
   </trkpt>
   <trkpt lat="37.794421" lon="128.915878">
   </trkpt>
   <trkpt lat="37.793796" lon="128.917141">
   </trkpt>
   <trkpt lat="37.793503" lon="128.917595">
   </trkpt>
   <trkpt lat="37.78757" lon="128.922886">
   </trkpt>
   <trkpt lat="37.78705" lon="128.9234">
   </trkpt>
   <trkpt lat="37.786552" lon="128.923908">
   </trkpt>
   <trkpt lat="37.785669" lon="128.925382">
   </trkpt>
   <trkpt lat="37.783817" lon="128.928734">
   </trkpt>
   <trkpt lat="37.783164" lon="128.929953">
   </trkpt>
   <trkpt lat="37.782872" lon="128.930362">
   </trkpt>
   <trkpt lat="37.782511" lon="128.93074">
   </trkpt>
   <trkpt lat="37.78207" lon="128.93111">
   </trkpt>
   <trkpt lat="37.781063" lon="128.93188">
   </trkpt>
   <trkpt lat="37.780229" lon="128.932549">
   </trkpt>
   <trkpt lat="37.779912" lon="128.932824">
   </trkpt>
   <trkpt lat="37.779654" lon="128.933175">
   </trkpt>
   <trkpt lat="37.778544" lon="128.935814">
   </trkpt>
   <trkpt lat="37.777288" lon="128.938933">
   </trkpt>
   <trkpt lat="37.777074" lon="128.939405">
   </trkpt>
   <trkpt lat="37.776915" lon="128.939661">
   </trkpt>
   <trkpt lat="37.773966" lon="128.943164">
   </trkpt>
   <trkpt lat="37.773641" lon="128.943583">
   </trkpt>
   <trkpt lat="37.773185" lon="128.943657">
   </trkpt>
   <trkpt lat="37.771949" lon="128.943689">
   </trkpt>
   <trkpt lat="37.769146" lon="128.943691">
   </trkpt>
   <trkpt lat="37.768531" lon="128.943658">
   </trkpt>
   <trkpt lat="37.768164" lon="128.943616">
   </trkpt>
   <trkpt lat="37.767894" lon="128.943547">
   </trkpt>
   <trkpt lat="37.767636" lon="128.943407">
   </trkpt>
   <trkpt lat="37.767311" lon="128.943141">
   </trkpt>
   <trkpt lat="37.76689" lon="128.942606">
   </trkpt>
   <trkpt lat="37.765986" lon="128.941284">
   </trkpt>
   <trkpt lat="37.763545" lon="128.937926">
   </trkpt>
   <trkpt lat="37.762018" lon="128.935772">
   </trkpt>
   <trkpt lat="37.7609" lon="128.934353">
   </trkpt>
   <trkpt lat="37.760531" lon="128.93351">
   </trkpt>
   <trkpt lat="37.760266" lon="128.932571">
   </trkpt>
   <trkpt lat="37.759803" lon="128.930345">
   </trkpt>
   <trkpt lat="37.759224" lon="128.927434">
   </trkpt>
   <trkpt lat="37.759112" lon="128.926944">
   </trkpt>
   <trkpt lat="37.758658" lon="128.927159">
   </trkpt>
   <trkpt lat="37.757241" lon="128.926359">
   </trkpt>
   <trkpt lat="37.756608" lon="128.925817">
   </trkpt>
   <trkpt lat="37.755955" lon="128.925632">
   </trkpt>
   <trkpt lat="37.75559" lon="128.925232">
   </trkpt>
   <trkpt lat="37.754713" lon="128.924874">
   </trkpt>
   <trkpt lat="37.754148" lon="128.925108">
   </trkpt>
   <trkpt lat="37.75349" lon="128.9248">
   </trkpt>
   <trkpt lat="37.752619" lon="128.923731">
   </trkpt>
   <trkpt lat="37.752252" lon="128.923399">
   </trkpt>
   <trkpt lat="37.751835" lon="128.923152">
   </trkpt>
   <trkpt lat="37.751593" lon="128.923175">
   </trkpt>
   <trkpt lat="37.751142" lon="128.922736">
   </trkpt>
   <trkpt lat="37.750815" lon="128.922342">
   </trkpt>
   <trkpt lat="37.750319" lon="128.922049">
   </trkpt>
   <trkpt lat="37.750177" lon="128.921832">
   </trkpt>
   <trkpt lat="37.749988" lon="128.921683">
   </trkpt>
   <trkpt lat="37.749502" lon="128.921755">
   </trkpt>
   <trkpt lat="37.749365" lon="128.921814">
   </trkpt>
   <trkpt lat="37.749316" lon="128.921855">
   </trkpt>
   <trkpt lat="37.749164" lon="128.921913">
   </trkpt>
   <trkpt lat="37.748823" lon="128.922184">
   </trkpt>
   <trkpt lat="37.748521" lon="128.922283">
   </trkpt>
   <trkpt lat="37.747933" lon="128.922639">
   </trkpt>
   <trkpt lat="37.747786" lon="128.922855">
   </trkpt>
   <trkpt lat="37.747498" lon="128.923379">
   </trkpt>
   <trkpt lat="37.747283" lon="128.92349">
   </trkpt>
   <trkpt lat="37.746942" lon="128.923589">
   </trkpt>
   <trkpt lat="37.746396" lon="128.924131">
   </trkpt>
   <trkpt lat="37.745948" lon="128.924341">
   </trkpt>
   <trkpt lat="37.745714" lon="128.924969">
   </trkpt>
   <trkpt lat="37.745607" lon="128.925326">
   </trkpt>
   <trkpt lat="37.745227" lon="128.925659">
   </trkpt>
   <trkpt lat="37.744905" lon="128.92582">
   </trkpt>
   <trkpt lat="37.744623" lon="128.926005">
   </trkpt>
   <trkpt lat="37.744311" lon="128.92651">
   </trkpt>
   <trkpt lat="37.744837" lon="128.928999">
   </trkpt>
   <trkpt lat="37.744431" lon="128.929407">
   </trkpt>
   <trkpt lat="37.744882" lon="128.930227">
   </trkpt>
   <trkpt lat="37.741876" lon="128.933478">
   </trkpt>
   <trkpt lat="37.743825" lon="128.936437">
   </trkpt>
   <trkpt lat="37.745132" lon="128.938383">
   </trkpt>
   <trkpt lat="37.745887" lon="128.939485">
   </trkpt>
   <trkpt lat="37.74653" lon="128.940385">
   </trkpt>
   <trkpt lat="37.746837" lon="128.940852">
   </trkpt>
   <trkpt lat="37.746768" lon="128.942074">
   </trkpt>
   <trkpt lat="37.746578" lon="128.943341">
   </trkpt>
   <trkpt lat="37.746462" lon="128.943884">
   </trkpt>
   <trkpt lat="37.746374" lon="128.944621">
   </trkpt>
   <trkpt lat="37.746389" lon="128.945081">
   </trkpt>
   <trkpt lat="37.746433" lon="128.94556">
   </trkpt>
   <trkpt lat="37.746549" lon="128.945882">
   </trkpt>
   <trkpt lat="37.746425" lon="128.956148">
   </trkpt>
   <trkpt lat="37.746556" lon="128.956321">
   </trkpt>
   <trkpt lat="37.746728" lon="128.956747">
   </trkpt>
   <trkpt lat="37.747066" lon="128.957041">
   </trkpt>
   <trkpt lat="37.747179" lon="128.957325">
   </trkpt>
   <trkpt lat="37.747268" lon="128.957693">
   </trkpt>
   <trkpt lat="37.747335" lon="128.958197">
   </trkpt>
   <trkpt lat="37.747386" lon="128.958344">
   </trkpt>
   <trkpt lat="37.747526" lon="128.958492">
   </trkpt>
   <trkpt lat="37.748406" lon="128.959102">
   </trkpt>
   <trkpt lat="37.748584" lon="128.959143">
   </trkpt>
   <trkpt lat="37.748684" lon="128.959108">
   </trkpt>
   <trkpt lat="37.749101" lon="128.95917">
   </trkpt>
   <trkpt lat="37.74921" lon="128.95915">
   </trkpt>
   <trkpt lat="37.749281" lon="128.959167">
   </trkpt>
   <trkpt lat="37.749313" lon="128.959321">
   </trkpt>
   <trkpt lat="37.74922" lon="128.959578">
   </trkpt>
   <trkpt lat="37.749246" lon="128.960243">
   </trkpt>
   <trkpt lat="37.749179" lon="128.96135">
   </trkpt>
   <trkpt lat="37.749211" lon="128.961757">
   </trkpt>
   <trkpt lat="37.749358" lon="128.962094">
   </trkpt>
   <trkpt lat="37.749487" lon="128.962572">
   </trkpt>
   <trkpt lat="37.749326" lon="128.962834">
   </trkpt>
   <trkpt lat="37.74917" lon="128.962936">
   </trkpt>
   <trkpt lat="37.747897" lon="128.963615">
   </trkpt>
   <trkpt lat="37.747657" lon="128.963824">
   </trkpt>
   <trkpt lat="37.747577" lon="128.963998">
   </trkpt>
   <trkpt lat="37.747542" lon="128.964988">
   </trkpt>
   <trkpt lat="37.747036" lon="128.967201">
   </trkpt>
   <trkpt lat="37.747036" lon="128.967419">
   </trkpt>
   <trkpt lat="37.747496" lon="128.968239">
   </trkpt>
   <trkpt lat="37.74756" lon="128.968674">
   </trkpt>
   <trkpt lat="37.747212" lon="128.970322">
   </trkpt>
   <trkpt lat="37.747271" lon="128.970815">
   </trkpt>
   <trkpt lat="37.747093" lon="128.971083">
   </trkpt>
   <trkpt lat="37.746321" lon="128.9731">
   </trkpt>
   <trkpt lat="37.74639" lon="128.973333">
   </trkpt>
   <trkpt lat="37.747472" lon="128.974541">
   </trkpt>
   <trkpt lat="37.747437" lon="128.974832">
   </trkpt>
   <trkpt lat="37.746482" lon="128.9762">
   </trkpt>
   <trkpt lat="37.745527" lon="128.978719">
   </trkpt>
   <trkpt lat="37.743122" lon="128.981804">
   </trkpt>
   <trkpt lat="37.742926" lon="128.982314">
   </trkpt>
   <trkpt lat="37.741107" lon="128.984657">
   </trkpt>
   <trkpt lat="37.740889" lon="128.984439">
   </trkpt>
   <trkpt lat="37.740762" lon="128.983798">
   </trkpt>
   <trkpt lat="37.740578" lon="128.983565">
   </trkpt>
   <trkpt lat="37.74029" lon="128.983667">
   </trkpt>
   <trkpt lat="37.740087" lon="128.983414">
   </trkpt>
   <trkpt lat="37.739001" lon="128.982881">
   </trkpt>
   <trkpt lat="37.738643" lon="128.982857">
   </trkpt>
   <trkpt lat="37.738327" lon="128.984983">
   </trkpt>
   <trkpt lat="37.738339" lon="128.985415">
   </trkpt>
   <trkpt lat="37.7384" lon="128.986105">
   </trkpt>
   <trkpt lat="37.738388" lon="128.986191">
   </trkpt>
   <trkpt lat="37.738292" lon="128.986385">
   </trkpt>
   <trkpt lat="37.738173" lon="128.986493">
   </trkpt>
   <trkpt lat="37.737567" lon="128.986265">
   </trkpt>
   <trkpt lat="37.737463" lon="128.986256">
   </trkpt>
   <trkpt lat="37.737349" lon="128.986401">
   </trkpt>
   <trkpt lat="37.737265" lon="128.986454">
   </trkpt>
   <trkpt lat="37.73657" lon="128.986468">
   </trkpt>
   <trkpt lat="37.736288" lon="128.986536">
   </trkpt>
   <trkpt lat="37.736193" lon="128.986585">
   </trkpt>
   <trkpt lat="37.735921" lon="128.986798">
   </trkpt>
   <trkpt lat="37.735655" lon="128.986939">
   </trkpt>
   <trkpt lat="37.735501" lon="128.98707">
   </trkpt>
   <trkpt lat="37.735365" lon="128.987259">
   </trkpt>
   <trkpt lat="37.735107" lon="128.987708">
   </trkpt>
   <trkpt lat="37.735042" lon="128.988044">
   </trkpt>
   <trkpt lat="37.735262" lon="128.988651">
   </trkpt>
   <trkpt lat="37.735273" lon="128.98881">
   </trkpt>
   <trkpt lat="37.73519" lon="128.989244">
   </trkpt>
   <trkpt lat="37.735078" lon="128.989364">
   </trkpt>
   <trkpt lat="37.735017" lon="128.989309">
   </trkpt>
   <trkpt lat="37.734852" lon="128.98909">
   </trkpt>
   <trkpt lat="37.734551" lon="128.988636">
   </trkpt>
   <trkpt lat="37.734355" lon="128.989064">
   </trkpt>
   <trkpt lat="37.73428" lon="128.989172">
   </trkpt>
   <trkpt lat="37.734025" lon="128.989176">
   </trkpt>
   <trkpt lat="37.734037" lon="128.989336">
   </trkpt>
   <trkpt lat="37.733984" lon="128.989518">
   </trkpt>
   <trkpt lat="37.733891" lon="128.989663">
   </trkpt>
   <trkpt lat="37.733714" lon="128.989864">
   </trkpt>
   <trkpt lat="37.733331" lon="128.990139">
   </trkpt>
   <trkpt lat="37.732593" lon="128.990556">
   </trkpt>
   <trkpt lat="37.732205" lon="128.990841">
   </trkpt>
   <trkpt lat="37.730438" lon="128.992">
   </trkpt>
   <trkpt lat="37.729507" lon="128.992434">
   </trkpt>
   <trkpt lat="37.72939" lon="128.992517">
   </trkpt>
   <trkpt lat="37.729142" lon="128.992755">
   </trkpt>
   <trkpt lat="37.728875" lon="128.993101">
   </trkpt>
   <trkpt lat="37.728582" lon="128.993421">
   </trkpt>
   <trkpt lat="37.728338" lon="128.993591">
   </trkpt>
   <trkpt lat="37.728056" lon="128.993699">
   </trkpt>
   <trkpt lat="37.727673" lon="128.993728">
   </trkpt>
   <trkpt lat="37.727287" lon="128.993885">
   </trkpt>
   <trkpt lat="37.72686" lon="128.994225">
   </trkpt>
   <trkpt lat="37.726523" lon="128.994587">
   </trkpt>
   <trkpt lat="37.726096" lon="128.994869">
   </trkpt>
   <trkpt lat="37.725375" lon="128.995395">
   </trkpt>
   <trkpt lat="37.7251" lon="128.995698">
   </trkpt>
   <trkpt lat="37.724279" lon="128.996868">
   </trkpt>
   <trkpt lat="37.724029" lon="128.997157">
   </trkpt>
   <trkpt lat="37.723979" lon="128.997255">
   </trkpt>
   <trkpt lat="37.723944" lon="128.997372">
   </trkpt>
   <trkpt lat="37.723935" lon="128.99793">
   </trkpt>
   <trkpt lat="37.723856" lon="128.998164">
   </trkpt>
   <trkpt lat="37.723774" lon="128.998282">
   </trkpt>
   <trkpt lat="37.723659" lon="128.998398">
   </trkpt>
   <trkpt lat="37.72326" lon="128.998614">
   </trkpt>
   <trkpt lat="37.722962" lon="128.998914">
   </trkpt>
   <trkpt lat="37.722252" lon="129.000115">
   </trkpt>
   <trkpt lat="37.721887" lon="129.000845">
   </trkpt>
   <trkpt lat="37.721658" lon="129.001145">
   </trkpt>
   <trkpt lat="37.721082" lon="129.001713">
   </trkpt>
   <trkpt lat="37.720614" lon="129.002079">
   </trkpt>
   <trkpt lat="37.720402" lon="129.002282">
   </trkpt>
   <trkpt lat="37.720275" lon="129.002493">
   </trkpt>
   <trkpt lat="37.720177" lon="129.002743">
   </trkpt>
   <trkpt lat="37.72" lon="129.002996">
   </trkpt>
   <trkpt lat="37.71862" lon="129.003978">
   </trkpt>
   <trkpt lat="37.717805" lon="129.004654">
   </trkpt>
   <trkpt lat="37.717461" lon="129.004906">
   </trkpt>
   <trkpt lat="37.717028" lon="129.005324">
   </trkpt>
   <trkpt lat="37.716723" lon="129.005941">
   </trkpt>
   <trkpt lat="37.716605" lon="129.006598">
   </trkpt>
   <trkpt lat="37.716226" lon="129.007121">
   </trkpt>
   <trkpt lat="37.716014" lon="129.007336">
   </trkpt>
   <trkpt lat="37.71574" lon="129.00752">
   </trkpt>
   <trkpt lat="37.715424" lon="129.007679">
   </trkpt>
   <trkpt lat="37.714032" lon="129.008288">
   </trkpt>
   <trkpt lat="37.713456" lon="129.008998">
   </trkpt>
   <trkpt lat="37.713266" lon="129.009635">
   </trkpt>
   <trkpt lat="37.713019" lon="129.010388">
   </trkpt>
   <trkpt lat="37.712756" lon="129.010671">
   </trkpt>
   <trkpt lat="37.712471" lon="129.010688">
   </trkpt>
   <trkpt lat="37.712314" lon="129.010591">
   </trkpt>
   <trkpt lat="37.712107" lon="129.010254">
   </trkpt>
   <trkpt lat="37.711877" lon="129.010026">
   </trkpt>
   <trkpt lat="37.711675" lon="129.009935">
   </trkpt>
   <trkpt lat="37.711409" lon="129.01001">
   </trkpt>
   <trkpt lat="37.711157" lon="129.010306">
   </trkpt>
   <trkpt lat="37.710936" lon="129.01141">
   </trkpt>
   <trkpt lat="37.71084" lon="129.011665">
   </trkpt>
   <trkpt lat="37.710622" lon="129.011865">
   </trkpt>
   <trkpt lat="37.710445" lon="129.011924">
   </trkpt>
   <trkpt lat="37.708946" lon="129.012183">
   </trkpt>
   <trkpt lat="37.708799" lon="129.012166">
   </trkpt>
   <trkpt lat="37.708576" lon="129.012073">
   </trkpt>
   <trkpt lat="37.708486" lon="129.011976">
   </trkpt>
   <trkpt lat="37.708374" lon="129.011784">
   </trkpt>
   <trkpt lat="37.708097" lon="129.011623">
   </trkpt>
   <trkpt lat="37.707959" lon="129.011607">
   </trkpt>
   <trkpt lat="37.707822" lon="129.011647">
   </trkpt>
   <trkpt lat="37.707611" lon="129.011814">
   </trkpt>
   <trkpt lat="37.707429" lon="129.011999">
   </trkpt>
   <trkpt lat="37.707203" lon="129.0123">
   </trkpt>
   <trkpt lat="37.706628" lon="129.012948">
   </trkpt>
   <trkpt lat="37.705916" lon="129.01408">
   </trkpt>
   <trkpt lat="37.705527" lon="129.014408">
   </trkpt>
   <trkpt lat="37.704391" lon="129.01459">
   </trkpt>
   <trkpt lat="37.703607" lon="129.014679">
   </trkpt>
   <trkpt lat="37.703322" lon="129.014793">
   </trkpt>
   <trkpt lat="37.702293" lon="129.01596">
   </trkpt>
   <trkpt lat="37.702081" lon="129.016272">
   </trkpt>
   <trkpt lat="37.70195" lon="129.016699">
   </trkpt>
   <trkpt lat="37.701813" lon="129.019534">
   </trkpt>
   <trkpt lat="37.701691" lon="129.019982">
   </trkpt>
   <trkpt lat="37.701475" lon="129.020333">
   </trkpt>
   <trkpt lat="37.701338" lon="129.020498">
   </trkpt>
   <trkpt lat="37.701111" lon="129.020665">
   </trkpt>
   <trkpt lat="37.700286" lon="129.021338">
   </trkpt>
   <trkpt lat="37.699702" lon="129.022013">
   </trkpt>
   <trkpt lat="37.699374" lon="129.022345">
   </trkpt>
   <trkpt lat="37.698232" lon="129.02363">
   </trkpt>
   <trkpt lat="37.697822" lon="129.023963">
   </trkpt>
   <trkpt lat="37.69623" lon="129.024871">
   </trkpt>
   <trkpt lat="37.695965" lon="129.025077">
   </trkpt>
   <trkpt lat="37.695779" lon="129.025309">
   </trkpt>
   <trkpt lat="37.695598" lon="129.025743">
   </trkpt>
   <trkpt lat="37.695506" lon="129.026134">
   </trkpt>
   <trkpt lat="37.6953" lon="129.027299">
   </trkpt>
   <trkpt lat="37.695169" lon="129.027661">
   </trkpt>
   <trkpt lat="37.694633" lon="129.028517">
   </trkpt>
   <trkpt lat="37.693931" lon="129.029565">
   </trkpt>
   <trkpt lat="37.693507" lon="129.030027">
   </trkpt>
   <trkpt lat="37.692472" lon="129.030918">
   </trkpt>
   <trkpt lat="37.692086" lon="129.031183">
   </trkpt>
   <trkpt lat="37.692056" lon="129.031424">
   </trkpt>
   <trkpt lat="37.691779" lon="129.031907">
   </trkpt>
   <trkpt lat="37.691378" lon="129.032422">
   </trkpt>
   <trkpt lat="37.691237" lon="129.032577">
   </trkpt>
   <trkpt lat="37.690846" lon="129.033345">
   </trkpt>
   <trkpt lat="37.690691" lon="129.03375">
   </trkpt>
   <trkpt lat="37.690445" lon="129.03421">
   </trkpt>
   <trkpt lat="37.690034" lon="129.034697">
   </trkpt>
   <trkpt lat="37.689466" lon="129.035294">
   </trkpt>
   <trkpt lat="37.689266" lon="129.035483">
   </trkpt>
   <trkpt lat="37.689058" lon="129.035624">
   </trkpt>
   <trkpt lat="37.688922" lon="129.035709">
   </trkpt>
   <trkpt lat="37.688851" lon="129.03578">
   </trkpt>
   <trkpt lat="37.688856" lon="129.035878">
   </trkpt>
   <trkpt lat="37.688944" lon="129.036036">
   </trkpt>
   <trkpt lat="37.688987" lon="129.036209">
   </trkpt>
   <trkpt lat="37.688698" lon="129.036782">
   </trkpt>
   <trkpt lat="37.687978" lon="129.037656">
   </trkpt>
   <trkpt lat="37.687067" lon="129.038719">
   </trkpt>
   <trkpt lat="37.68659" lon="129.039423">
   </trkpt>
   <trkpt lat="37.68653" lon="129.039484">
   </trkpt>
   <trkpt lat="37.686521" lon="129.039568">
   </trkpt>
   <trkpt lat="37.686452" lon="129.039744">
   </trkpt>
   <trkpt lat="37.686265" lon="129.04004">
   </trkpt>
   <trkpt lat="37.686144" lon="129.040189">
   </trkpt>
   <trkpt lat="37.686063" lon="129.040256">
   </trkpt>
   <trkpt lat="37.686016" lon="129.040266">
   </trkpt>
   <trkpt lat="37.68597" lon="129.040276">
   </trkpt>
   <trkpt lat="37.685899" lon="129.040245">
   </trkpt>
   <trkpt lat="37.685658" lon="129.039965">
   </trkpt>
   <trkpt lat="37.685508" lon="129.039857">
   </trkpt>
   <trkpt lat="37.685155" lon="129.039747">
   </trkpt>
   <trkpt lat="37.684772" lon="129.039789">
   </trkpt>
   <trkpt lat="37.684624" lon="129.039717">
   </trkpt>
   <trkpt lat="37.684337" lon="129.039723">
   </trkpt>
   <trkpt lat="37.684025" lon="129.039782">
   </trkpt>
   <trkpt lat="37.683896" lon="129.039841">
   </trkpt>
   <trkpt lat="37.683467" lon="129.04013">
   </trkpt>
   <trkpt lat="37.683227" lon="129.040249">
   </trkpt>
   <trkpt lat="37.683147" lon="129.040269">
   </trkpt>
   <trkpt lat="37.682882" lon="129.040277">
   </trkpt>
   <trkpt lat="37.682548" lon="129.040323">
   </trkpt>
   <trkpt lat="37.682023" lon="129.040466">
   </trkpt>
   <trkpt lat="37.681813" lon="129.0406">
   </trkpt>
   <trkpt lat="37.68172" lon="129.040719">
   </trkpt>
   <trkpt lat="37.68167" lon="129.040823">
   </trkpt>
   <trkpt lat="37.681625" lon="129.040977">
   </trkpt>
   <trkpt lat="37.681514" lon="129.041584">
   </trkpt>
   <trkpt lat="37.681427" lon="129.041871">
   </trkpt>
   <trkpt lat="37.681313" lon="129.042022">
   </trkpt>
   <trkpt lat="37.681181" lon="129.042099">
   </trkpt>
   <trkpt lat="37.680716" lon="129.042205">
   </trkpt>
   <trkpt lat="37.679772" lon="129.042362">
   </trkpt>
   <trkpt lat="37.679545" lon="129.042471">
   </trkpt>
   <trkpt lat="37.67914" lon="129.042755">
   </trkpt>
   <trkpt lat="37.678823" lon="129.042907">
   </trkpt>
   <trkpt lat="37.678581" lon="129.042958">
   </trkpt>
   <trkpt lat="37.67809" lon="129.042937">
   </trkpt>
   <trkpt lat="37.677935" lon="129.042969">
   </trkpt>
   <trkpt lat="37.677827" lon="129.043037">
   </trkpt>
   <trkpt lat="37.67772" lon="129.04315">
   </trkpt>
   <trkpt lat="37.677443" lon="129.043587">
   </trkpt>
   <trkpt lat="37.67738" lon="129.043644">
   </trkpt>
   <trkpt lat="37.677315" lon="129.04367">
   </trkpt>
   <trkpt lat="37.677244" lon="129.043672">
   </trkpt>
   <trkpt lat="37.677143" lon="129.04364">
   </trkpt>
   <trkpt lat="37.676468" lon="129.043081">
   </trkpt>
   <trkpt lat="37.676333" lon="129.043006">
   </trkpt>
   <trkpt lat="37.676265" lon="129.042989">
   </trkpt>
   <trkpt lat="37.676127" lon="129.043013">
   </trkpt>
   <trkpt lat="37.675986" lon="129.043067">
   </trkpt>
   <trkpt lat="37.675828" lon="129.043205">
   </trkpt>
   <trkpt lat="37.675743" lon="129.043331">
   </trkpt>
   <trkpt lat="37.675658" lon="129.043534">
   </trkpt>
   <trkpt lat="37.675548" lon="129.043904">
   </trkpt>
   <trkpt lat="37.675427" lon="129.044149">
   </trkpt>
   <trkpt lat="37.675229" lon="129.044389">
   </trkpt>
   <trkpt lat="37.675023" lon="129.044582">
   </trkpt>
   <trkpt lat="37.674459" lon="129.045038">
   </trkpt>
   <trkpt lat="37.67431" lon="129.045102">
   </trkpt>
   <trkpt lat="37.674163" lon="129.045119">
   </trkpt>
   <trkpt lat="37.673901" lon="129.045068">
   </trkpt>
   <trkpt lat="37.673466" lon="129.044926">
   </trkpt>
   <trkpt lat="37.673203" lon="129.044899">
   </trkpt>
   <trkpt lat="37.672941" lon="129.044945">
   </trkpt>
   <trkpt lat="37.67253" lon="129.045074">
   </trkpt>
   <trkpt lat="37.672281" lon="129.045221">
   </trkpt>
   <trkpt lat="37.672103" lon="129.045421">
   </trkpt>
   <trkpt lat="37.672026" lon="129.04557">
   </trkpt>
   <trkpt lat="37.671804" lon="129.046245">
   </trkpt>
   <trkpt lat="37.671694" lon="129.046529">
   </trkpt>
   <trkpt lat="37.671618" lon="129.046667">
   </trkpt>
   <trkpt lat="37.671515" lon="129.046787">
   </trkpt>
   <trkpt lat="37.671406" lon="129.046858">
   </trkpt>
   <trkpt lat="37.67127" lon="129.046893">
   </trkpt>
   <trkpt lat="37.671059" lon="129.046867">
   </trkpt>
   <trkpt lat="37.670857" lon="129.046772">
   </trkpt>
   <trkpt lat="37.670726" lon="129.046644">
   </trkpt>
   <trkpt lat="37.670565" lon="129.046392">
   </trkpt>
   <trkpt lat="37.670475" lon="129.046283">
   </trkpt>
   <trkpt lat="37.670322" lon="129.04618">
   </trkpt>
   <trkpt lat="37.670254" lon="129.046163">
   </trkpt>
   <trkpt lat="37.669904" lon="129.046165">
   </trkpt>
   <trkpt lat="37.669452" lon="129.046275">
   </trkpt>
   <trkpt lat="37.669217" lon="129.04638">
   </trkpt>
   <trkpt lat="37.669099" lon="129.046467">
   </trkpt>
   <trkpt lat="37.668917" lon="129.046658">
   </trkpt>
   <trkpt lat="37.668768" lon="129.046908">
   </trkpt>
   <trkpt lat="37.668422" lon="129.047622">
   </trkpt>
   <trkpt lat="37.66835" lon="129.047718">
   </trkpt>
   <trkpt lat="37.668244" lon="129.047816">
   </trkpt>
   <trkpt lat="37.668096" lon="129.047878">
   </trkpt>
   <trkpt lat="37.66797" lon="129.047882">
   </trkpt>
   <trkpt lat="37.667357" lon="129.047754">
   </trkpt>
   <trkpt lat="37.66716" lon="129.047752">
   </trkpt>
   <trkpt lat="37.666831" lon="129.04783">
   </trkpt>
   <trkpt lat="37.666748" lon="129.047892">
   </trkpt>
   <trkpt lat="37.666662" lon="129.048004">
   </trkpt>
   <trkpt lat="37.666482" lon="129.048381">
   </trkpt>
   <trkpt lat="37.666439" lon="129.048757">
   </trkpt>
   <trkpt lat="37.666394" lon="129.048818">
   </trkpt>
   <trkpt lat="37.666328" lon="129.048838">
   </trkpt>
   <trkpt lat="37.666255" lon="129.048823">
   </trkpt>
   <trkpt lat="37.666194" lon="129.048786">
   </trkpt>
   <trkpt lat="37.66617" lon="129.048704">
   </trkpt>
   <trkpt lat="37.666262" lon="129.048138">
   </trkpt>
   <trkpt lat="37.666404" lon="129.047471">
   </trkpt>
   <trkpt lat="37.666402" lon="129.047365">
   </trkpt>
   <trkpt lat="37.666375" lon="129.047317">
   </trkpt>
   <trkpt lat="37.666305" lon="129.047292">
   </trkpt>
   <trkpt lat="37.666235" lon="129.047325">
   </trkpt>
   <trkpt lat="37.666184" lon="129.047385">
   </trkpt>
   <trkpt lat="37.665927" lon="129.047801">
   </trkpt>
   <trkpt lat="37.665731" lon="129.04822">
   </trkpt>
   <trkpt lat="37.665542" lon="129.04883">
   </trkpt>
   <trkpt lat="37.665428" lon="129.049487">
   </trkpt>
   <trkpt lat="37.665326" lon="129.049953">
   </trkpt>
   <trkpt lat="37.665247" lon="129.050184">
   </trkpt>
   <trkpt lat="37.665052" lon="129.05059">
   </trkpt>
   <trkpt lat="37.664989" lon="129.050773">
   </trkpt>
   <trkpt lat="37.664972" lon="129.051018">
   </trkpt>
   <trkpt lat="37.665069" lon="129.051623">
   </trkpt>
   <trkpt lat="37.665075" lon="129.051996">
   </trkpt>
   <trkpt lat="37.665149" lon="129.052498">
   </trkpt>
   <trkpt lat="37.66516" lon="129.052654">
   </trkpt>
   <trkpt lat="37.665108" lon="129.05288">
   </trkpt>
   <trkpt lat="37.664747" lon="129.053381">
   </trkpt>
   <trkpt lat="37.664609" lon="129.053859">
   </trkpt>
   <trkpt lat="37.664592" lon="129.054135">
   </trkpt>
   <trkpt lat="37.66456" lon="129.054355">
   </trkpt>
   <trkpt lat="37.664511" lon="129.054505">
   </trkpt>
   <trkpt lat="37.664397" lon="129.05461">
   </trkpt>
   <trkpt lat="37.663913" lon="129.054623">
   </trkpt>
   <trkpt lat="37.663707" lon="129.054763">
   </trkpt>
   <trkpt lat="37.663617" lon="129.054942">
   </trkpt>
   <trkpt lat="37.66359" lon="129.055079">
   </trkpt>
   <trkpt lat="37.663522" lon="129.05516">
   </trkpt>
   <trkpt lat="37.663301" lon="129.055315">
   </trkpt>
   <trkpt lat="37.663106" lon="129.055387">
   </trkpt>
   <trkpt lat="37.662745" lon="129.05539">
   </trkpt>
   <trkpt lat="37.662647" lon="129.055374">
   </trkpt>
   <trkpt lat="37.662216" lon="129.055259">
   </trkpt>
   <trkpt lat="37.661689" lon="129.054996">
   </trkpt>
   <trkpt lat="37.661526" lon="129.054937">
   </trkpt>
   <trkpt lat="37.661318" lon="129.054972">
   </trkpt>
   <trkpt lat="37.661199" lon="129.055028">
   </trkpt>
   <trkpt lat="37.661076" lon="129.055138">
   </trkpt>
   <trkpt lat="37.660987" lon="129.055288">
   </trkpt>
   <trkpt lat="37.660938" lon="129.055836">
   </trkpt>
   <trkpt lat="37.660813" lon="129.056037">
   </trkpt>
   <trkpt lat="37.660643" lon="129.056112">
   </trkpt>
   <trkpt lat="37.660362" lon="129.056324">
   </trkpt>
   <trkpt lat="37.660235" lon="129.056318">
   </trkpt>
   <trkpt lat="37.660105" lon="129.056278">
   </trkpt>
   <trkpt lat="37.659759" lon="129.056082">
   </trkpt>
   <trkpt lat="37.659558" lon="129.055948">
   </trkpt>
   <trkpt lat="37.659439" lon="129.055919">
   </trkpt>
   <trkpt lat="37.659375" lon="129.055932">
   </trkpt>
   <trkpt lat="37.659328" lon="129.055959">
   </trkpt>
   <trkpt lat="37.659277" lon="129.056053">
   </trkpt>
   <trkpt lat="37.659156" lon="129.056404">
   </trkpt>
   <trkpt lat="37.659074" lon="129.056536">
   </trkpt>
   <trkpt lat="37.658878" lon="129.056683">
   </trkpt>
   <trkpt lat="37.658659" lon="129.056696">
   </trkpt>
   <trkpt lat="37.658496" lon="129.05664">
   </trkpt>
   <trkpt lat="37.658226" lon="129.056297">
   </trkpt>
   <trkpt lat="37.657882" lon="129.056106">
   </trkpt>
   <trkpt lat="37.657693" lon="129.055851">
   </trkpt>
   <trkpt lat="37.657417" lon="129.055575">
   </trkpt>
   <trkpt lat="37.657279" lon="129.055398">
   </trkpt>
   <trkpt lat="37.657039" lon="129.055256">
   </trkpt>
   <trkpt lat="37.656886" lon="129.055221">
   </trkpt>
   <trkpt lat="37.656742" lon="129.055259">
   </trkpt>
   <trkpt lat="37.656347" lon="129.055527">
   </trkpt>
   <trkpt lat="37.656283" lon="129.055506">
   </trkpt>
   <trkpt lat="37.65619" lon="129.055438">
   </trkpt>
   <trkpt lat="37.656039" lon="129.05524">
   </trkpt>
   <trkpt lat="37.65585" lon="129.055151">
   </trkpt>
   <trkpt lat="37.655778" lon="129.055146">
   </trkpt>
   <trkpt lat="37.655616" lon="129.055216">
   </trkpt>
   <trkpt lat="37.655464" lon="129.055355">
   </trkpt>
   <trkpt lat="37.655387" lon="129.055473">
   </trkpt>
   <trkpt lat="37.655315" lon="129.055546">
   </trkpt>
   <trkpt lat="37.655203" lon="129.055583">
   </trkpt>
   <trkpt lat="37.655086" lon="129.05553">
   </trkpt>
   <trkpt lat="37.654962" lon="129.055302">
   </trkpt>
   <trkpt lat="37.65485" lon="129.055009">
   </trkpt>
   <trkpt lat="37.65472" lon="129.054789">
   </trkpt>
   <trkpt lat="37.654523" lon="129.054548">
   </trkpt>
   <trkpt lat="37.654353" lon="129.054414">
   </trkpt>
   <trkpt lat="37.653829" lon="129.054283">
   </trkpt>
   <trkpt lat="37.653385" lon="129.054135">
   </trkpt>
   <trkpt lat="37.65331" lon="129.054003">
   </trkpt>
   <trkpt lat="37.653238" lon="129.053789">
   </trkpt>
   <trkpt lat="37.652312" lon="129.049275">
   </trkpt>
   <trkpt lat="37.652274" lon="129.049125">
   </trkpt>
   <trkpt lat="37.652202" lon="129.048993">
   </trkpt>
   <trkpt lat="37.652106" lon="129.048926">
   </trkpt>
   <trkpt lat="37.651229" lon="129.048996">
   </trkpt>
   <trkpt lat="37.651042" lon="129.048781">
   </trkpt>
   <trkpt lat="37.650847" lon="129.048256">
   </trkpt>
   <trkpt lat="37.650635" lon="129.047987">
   </trkpt>
   <trkpt lat="37.650252" lon="129.047794">
   </trkpt>
   <trkpt lat="37.649675" lon="129.047687">
   </trkpt>
   <trkpt lat="37.649182" lon="129.047397">
   </trkpt>
   <trkpt lat="37.647585" lon="129.046174">
   </trkpt>
   <trkpt lat="37.647016" lon="129.046024">
   </trkpt>
   <trkpt lat="37.646251" lon="129.045584">
   </trkpt>
   <trkpt lat="37.645928" lon="129.045477">
   </trkpt>
   <trkpt lat="37.645487" lon="129.045509">
   </trkpt>
   <trkpt lat="37.644782" lon="129.045606">
   </trkpt>
   <trkpt lat="37.644111" lon="129.045294">
   </trkpt>
   <trkpt lat="37.643677" lon="129.04494">
   </trkpt>
   <trkpt lat="37.643253" lon="129.044071">
   </trkpt>
   <trkpt lat="37.642972" lon="129.043556">
   </trkpt>
   <trkpt lat="37.642554" lon="129.043401">
   </trkpt>
   <trkpt lat="37.642374" lon="129.043353">
   </trkpt>
   <trkpt lat="37.642176" lon="129.043315">
   </trkpt>
   <trkpt lat="37.641749" lon="129.043315">
   </trkpt>
   <trkpt lat="37.638971" lon="129.04376">
   </trkpt>
   <trkpt lat="37.635751" lon="129.044972">
   </trkpt>
   <trkpt lat="37.635351" lon="129.045096">
   </trkpt>
   <trkpt lat="37.63491" lon="129.045074">
   </trkpt>
   <trkpt lat="37.634493" lon="129.044892">
   </trkpt>
   <trkpt lat="37.634187" lon="129.044602">
   </trkpt>
   <trkpt lat="37.633554" lon="129.043594">
   </trkpt>
   <trkpt lat="37.633172" lon="129.043095">
   </trkpt>
   <trkpt lat="37.632511" lon="129.042511">
   </trkpt>
   <trkpt lat="37.630834" lon="129.043414">
   </trkpt>
   <trkpt lat="37.629593" lon="129.044133">
   </trkpt>
   <trkpt lat="37.628616" lon="129.044562">
   </trkpt>
   <trkpt lat="37.628132" lon="129.044852">
   </trkpt>
   <trkpt lat="37.627817" lon="129.045259">
   </trkpt>
   <trkpt lat="37.627176" lon="129.045675">
   </trkpt>
   <trkpt lat="37.62631" lon="129.046393">
   </trkpt>
   <trkpt lat="37.626157" lon="129.046514">
   </trkpt>
   <trkpt lat="37.625898" lon="129.04658">
   </trkpt>
   <trkpt lat="37.625185" lon="129.046622">
   </trkpt>
   <trkpt lat="37.624873" lon="129.04659">
   </trkpt>
   <trkpt lat="37.624661" lon="129.046599">
   </trkpt>
   <trkpt lat="37.624429" lon="129.046636">
   </trkpt>
   <trkpt lat="37.62412" lon="129.046742">
   </trkpt>
   <trkpt lat="37.621388" lon="129.048337">
   </trkpt>
   <trkpt lat="37.620168" lon="129.049035">
   </trkpt>
   <trkpt lat="37.619378" lon="129.049455">
   </trkpt>
   <trkpt lat="37.619097" lon="129.049569">
   </trkpt>
   <trkpt lat="37.618872" lon="129.049636">
   </trkpt>
   <trkpt lat="37.618366" lon="129.049744">
   </trkpt>
   <trkpt lat="37.617947" lon="129.049855">
   </trkpt>
   <trkpt lat="37.618033" lon="129.050315">
   </trkpt>
   <trkpt lat="37.618106" lon="129.050818">
   </trkpt>
   <trkpt lat="37.618128" lon="129.051321">
   </trkpt>
   <trkpt lat="37.618145" lon="129.053161">
   </trkpt>
   <trkpt lat="37.618123" lon="129.05406">
   </trkpt>
   <trkpt lat="37.618083" lon="129.054541">
   </trkpt>
   <trkpt lat="37.617876" lon="129.055426">
   </trkpt>
   <trkpt lat="37.617831" lon="129.055815">
   </trkpt>
   <trkpt lat="37.61782" lon="129.056282">
   </trkpt>
   <trkpt lat="37.617915" lon="129.057804">
   </trkpt>
   <trkpt lat="37.617932" lon="129.058661">
   </trkpt>
   <trkpt lat="37.617865" lon="129.05905">
   </trkpt>
   <trkpt lat="37.617663" lon="129.059871">
   </trkpt>
   <trkpt lat="37.617433" lon="129.060579">
   </trkpt>
   <trkpt lat="37.617237" lon="129.061046">
   </trkpt>
   <trkpt lat="37.617024" lon="129.0614">
   </trkpt>
   <trkpt lat="37.616811" lon="129.061669">
   </trkpt>
   <trkpt lat="37.616587" lon="129.061896">
   </trkpt>
   <trkpt lat="37.616256" lon="129.062136">
   </trkpt>
   <trkpt lat="37.615907" lon="129.062345">
   </trkpt>
   <trkpt lat="37.615663" lon="129.062448">
   </trkpt>
   <trkpt lat="37.615477" lon="129.06249">
   </trkpt>
   <trkpt lat="37.614635" lon="129.062519">
   </trkpt>
   <trkpt lat="37.614338" lon="129.062568">
   </trkpt>
   <trkpt lat="37.614007" lon="129.062674">
   </trkpt>
   <trkpt lat="37.613671" lon="129.062844">
   </trkpt>
   <trkpt lat="37.61339" lon="129.063035">
   </trkpt>
   <trkpt lat="37.613076" lon="129.063311">
   </trkpt>
   <trkpt lat="37.612678" lon="129.063786">
   </trkpt>
   <trkpt lat="37.60928" lon="129.067565">
   </trkpt>
   <trkpt lat="37.608608" lon="129.068287">
   </trkpt>
   <trkpt lat="37.607643" lon="129.069427">
   </trkpt>
   <trkpt lat="37.604115" lon="129.073398">
   </trkpt>
   <trkpt lat="37.603802" lon="129.073695">
   </trkpt>
   <trkpt lat="37.603314" lon="129.074056">
   </trkpt>
   <trkpt lat="37.603095" lon="129.074247">
   </trkpt>
   <trkpt lat="37.600117" lon="129.077433">
   </trkpt>
   <trkpt lat="37.599629" lon="129.078013">
   </trkpt>
   <trkpt lat="37.599052" lon="129.078749">
   </trkpt>
   <trkpt lat="37.598059" lon="129.079967">
   </trkpt>
   <trkpt lat="37.597804" lon="129.080386">
   </trkpt>
   <trkpt lat="37.59789" lon="129.080533">
   </trkpt>
   <trkpt lat="37.598171" lon="129.080766">
   </trkpt>
   <trkpt lat="37.594894" lon="129.085464">
   </trkpt>
   <trkpt lat="37.593002" lon="129.088319">
   </trkpt>
   <trkpt lat="37.592488" lon="129.089578">
   </trkpt>
   <trkpt lat="37.591861" lon="129.09053">
   </trkpt>
   <trkpt lat="37.591851" lon="129.090621">
   </trkpt>
   <trkpt lat="37.591875" lon="129.090683">
   </trkpt>
   <trkpt lat="37.592439" lon="129.091336">
   </trkpt>
   <trkpt lat="37.591175" lon="129.093231">
   </trkpt>
   <trkpt lat="37.589944" lon="129.095027">
   </trkpt>
   <trkpt lat="37.589665" lon="129.095209">
   </trkpt>
   <trkpt lat="37.589411" lon="129.095288">
   </trkpt>
   <trkpt lat="37.589284" lon="129.095385">
   </trkpt>
   <trkpt lat="37.588782" lon="129.096254">
   </trkpt>
   <trkpt lat="37.588204" lon="129.096511">
   </trkpt>
   <trkpt lat="37.587022" lon="129.098561">
   </trkpt>
   <trkpt lat="37.585449" lon="129.1012">
   </trkpt>
   <trkpt lat="37.585237" lon="129.101704">
   </trkpt>
   <trkpt lat="37.58439" lon="129.103087">
   </trkpt>
   <trkpt lat="37.584364" lon="129.103237">
   </trkpt>
   <trkpt lat="37.584135" lon="129.103623">
   </trkpt>
   <trkpt lat="37.583871" lon="129.104567">
   </trkpt>
   <trkpt lat="37.583429" lon="129.105361">
   </trkpt>
   <trkpt lat="37.583301" lon="129.105812">
   </trkpt>
   <trkpt lat="37.583225" lon="129.106016">
   </trkpt>
   <trkpt lat="37.583106" lon="129.106198">
   </trkpt>
   <trkpt lat="37.582409" lon="129.107131">
   </trkpt>
   <trkpt lat="37.580785" lon="129.110189">
   </trkpt>
   <trkpt lat="37.58036" lon="129.111037">
   </trkpt>
   <trkpt lat="37.580088" lon="129.112045">
   </trkpt>
   <trkpt lat="37.579824" lon="129.112775">
   </trkpt>
   <trkpt lat="37.57968" lon="129.112936">
   </trkpt>
   <trkpt lat="37.579152" lon="129.113451">
   </trkpt>
   <trkpt lat="37.57877" lon="129.11403">
   </trkpt>
   <trkpt lat="37.578379" lon="129.114706">
   </trkpt>
   <trkpt lat="37.57786" lon="129.115315">
   </trkpt>
   <trkpt lat="37.577367" lon="129.115843">
   </trkpt>
   <trkpt lat="37.576831" lon="129.116262">
   </trkpt>
   <trkpt lat="37.576474" lon="129.116455">
   </trkpt>
   <trkpt lat="37.5761" lon="129.116616">
   </trkpt>
   <trkpt lat="37.575794" lon="129.11668">
   </trkpt>
   <trkpt lat="37.57542" lon="129.11682">
   </trkpt>
   <trkpt lat="37.574391" lon="129.116916">
   </trkpt>
   <trkpt lat="37.573438" lon="129.11682">
   </trkpt>
   <trkpt lat="37.571431" lon="129.116412">
   </trkpt>
   <trkpt lat="37.571134" lon="129.116326">
   </trkpt>
   <trkpt lat="37.571006" lon="129.116262">
   </trkpt>
   <trkpt lat="37.570719" lon="129.116266">
   </trkpt>
   <trkpt lat="37.569637" lon="129.116541">
   </trkpt>
   <trkpt lat="37.569306" lon="129.116691">
   </trkpt>
   <trkpt lat="37.569195" lon="129.116777">
   </trkpt>
   <trkpt lat="37.56814" lon="129.117828">
   </trkpt>
   <trkpt lat="37.56718" lon="129.118987">
   </trkpt>
   <trkpt lat="37.566321" lon="129.119813">
   </trkpt>
   <trkpt lat="37.565963" lon="129.119974">
   </trkpt>
   <trkpt lat="37.565538" lon="129.119888">
   </trkpt>
   <trkpt lat="37.5653" lon="129.119802">
   </trkpt>
   <trkpt lat="37.564382" lon="129.119298">
   </trkpt>
   <trkpt lat="37.564169" lon="129.119319">
   </trkpt>
   <trkpt lat="37.56399" lon="129.119394">
   </trkpt>
   <trkpt lat="37.563166" lon="129.119813">
   </trkpt>
   <trkpt lat="37.562851" lon="129.119899">
   </trkpt>
   <trkpt lat="37.56257" lon="129.119888">
   </trkpt>
   <trkpt lat="37.562255" lon="129.119813">
   </trkpt>
   <trkpt lat="37.561915" lon="129.119706">
   </trkpt>
   <trkpt lat="37.561601" lon="129.119641">
   </trkpt>
   <trkpt lat="37.561388" lon="129.119706">
   </trkpt>
   <trkpt lat="37.561133" lon="129.119856">
   </trkpt>
   <trkpt lat="37.560963" lon="129.119995">
   </trkpt>
   <trkpt lat="37.560699" lon="129.120178">
   </trkpt>
   <trkpt lat="37.560427" lon="129.120253">
   </trkpt>
   <trkpt lat="37.560155" lon="129.120242">
   </trkpt>
   <trkpt lat="37.559934" lon="129.120188">
   </trkpt>
   <trkpt lat="37.559755" lon="129.120113">
   </trkpt>
   <trkpt lat="37.5595" lon="129.12006">
   </trkpt>
   <trkpt lat="37.559338" lon="129.120081">
   </trkpt>
   <trkpt lat="37.559211" lon="129.120124">
   </trkpt>
   <trkpt lat="37.559007" lon="129.120253">
   </trkpt>
   <trkpt lat="37.558811" lon="129.120414">
   </trkpt>
   <trkpt lat="37.558692" lon="129.120575">
   </trkpt>
   <trkpt lat="37.558564" lon="129.120714">
   </trkpt>
   <trkpt lat="37.558267" lon="129.121379">
   </trkpt>
   <trkpt lat="37.557978" lon="129.121583">
   </trkpt>
   <trkpt lat="37.557697" lon="129.121615">
   </trkpt>
   <trkpt lat="37.557187" lon="129.121487">
   </trkpt>
   <trkpt lat="37.556132" lon="129.121111">
   </trkpt>
   <trkpt lat="37.555574" lon="129.120953">
   </trkpt>
   <trkpt lat="37.554979" lon="129.120674">
   </trkpt>
   <trkpt lat="37.554349" lon="129.120288">
   </trkpt>
   <trkpt lat="37.553584" lon="129.11988">
   </trkpt>
   <trkpt lat="37.552971" lon="129.119494">
   </trkpt>
   <trkpt lat="37.552529" lon="129.119108">
   </trkpt>
   <trkpt lat="37.552189" lon="129.1187">
   </trkpt>
   <trkpt lat="37.551985" lon="129.118206">
   </trkpt>
   <trkpt lat="37.552155" lon="129.117434">
   </trkpt>
   <trkpt lat="37.552274" lon="129.116426">
   </trkpt>
   <trkpt lat="37.552172" lon="129.115267">
   </trkpt>
   <trkpt lat="37.552138" lon="129.114044">
   </trkpt>
   <trkpt lat="37.552172" lon="129.112992">
   </trkpt>
   <trkpt lat="37.552002" lon="129.11222">
   </trkpt>
   <trkpt lat="37.551593" lon="129.111748">
   </trkpt>
   <trkpt lat="37.551219" lon="129.110932">
   </trkpt>
   <trkpt lat="37.550862" lon="129.11031">
   </trkpt>
   <trkpt lat="37.549909" lon="129.109345">
   </trkpt>
   <trkpt lat="37.549309" lon="129.108799">
   </trkpt>
   <trkpt lat="37.547779" lon="129.108749">
   </trkpt>
   <trkpt lat="37.547669" lon="129.108689">
   </trkpt>
   <trkpt lat="37.547599" lon="129.108629">
   </trkpt>
   <trkpt lat="37.547559" lon="129.108569">
   </trkpt>
   <trkpt lat="37.547273" lon="129.107218">
   </trkpt>
   <trkpt lat="37.546862" lon="129.107354">
   </trkpt>
   <trkpt lat="37.546641" lon="129.107361">
   </trkpt>
   <trkpt lat="37.545048" lon="129.107837">
   </trkpt>
   <trkpt lat="37.543659" lon="129.108686">
   </trkpt>
   <trkpt lat="37.543405" lon="129.108858">
   </trkpt>
   <trkpt lat="37.542384" lon="129.109292">
   </trkpt>
   <trkpt lat="37.539955" lon="129.110057">
   </trkpt>
   <trkpt lat="37.53945" lon="129.110126">
   </trkpt>
   <trkpt lat="37.538626" lon="129.110478">
   </trkpt>
   <trkpt lat="37.538126" lon="129.110727">
   </trkpt>
   <trkpt lat="37.537823" lon="129.110987">
   </trkpt>
   <trkpt lat="37.537535" lon="129.1113">
   </trkpt>
   <trkpt lat="37.537403" lon="129.11154">
   </trkpt>
   <trkpt lat="37.536656" lon="129.11278">
   </trkpt>
   <trkpt lat="37.536105" lon="129.113584">
   </trkpt>
   <trkpt lat="37.535795" lon="129.113916">
   </trkpt>
   <trkpt lat="37.535108" lon="129.114519">
   </trkpt>
   <trkpt lat="37.533031" lon="129.11624">
   </trkpt>
   <trkpt lat="37.532509" lon="129.116773">
   </trkpt>
   <trkpt lat="37.532129" lon="129.117221">
   </trkpt>
   <trkpt lat="37.530999" lon="129.118836">
   </trkpt>
   <trkpt lat="37.530792" lon="129.119097">
   </trkpt>
   <trkpt lat="37.530597" lon="129.11922">
   </trkpt>
   <trkpt lat="37.530113" lon="129.119405">
   </trkpt>
   <trkpt lat="37.529099" lon="129.119542">
   </trkpt>
   <trkpt lat="37.525001" lon="129.118952">
   </trkpt>
   <trkpt lat="37.522428" lon="129.119797">
   </trkpt>
   <trkpt lat="37.521902" lon="129.120005">
   </trkpt>
   <trkpt lat="37.521015" lon="129.120517">
   </trkpt>
   <trkpt lat="37.51871" lon="129.122058">
   </trkpt>
   <trkpt lat="37.515578" lon="129.124195">
   </trkpt>
   <trkpt lat="37.513162" lon="129.124948">
   </trkpt>
   <trkpt lat="37.511289" lon="129.125557">
   </trkpt>
   <trkpt lat="37.509341" lon="129.125566">
   </trkpt>
   <trkpt lat="37.507778" lon="129.125993">
   </trkpt>
   <trkpt lat="37.506577" lon="129.126486">
   </trkpt>
   <trkpt lat="37.505796" lon="129.126683">
   </trkpt>
   <trkpt lat="37.505015" lon="129.126782">
   </trkpt>
   <trkpt lat="37.504121" lon="129.126834">
   </trkpt>
   <trkpt lat="37.504095" lon="129.127601">
   </trkpt>
   <trkpt lat="37.503894" lon="129.127665">
   </trkpt>
   <trkpt lat="37.503741" lon="129.127653">
   </trkpt>
   <trkpt lat="37.503265" lon="129.12769">
   </trkpt>
   <trkpt lat="37.502241" lon="129.127864">
   </trkpt>
   <trkpt lat="37.501852" lon="129.128209">
   </trkpt>
   <trkpt lat="37.501597" lon="129.128463">
   </trkpt>
   <trkpt lat="37.499082" lon="129.130573">
   </trkpt>
   <trkpt lat="37.498158" lon="129.131407">
   </trkpt>
   <trkpt lat="37.497543" lon="129.131614">
   </trkpt>
   <trkpt lat="37.496166" lon="129.131018">
   </trkpt>
   <trkpt lat="37.495619" lon="129.130742">
   </trkpt>
   <trkpt lat="37.494449" lon="129.128455">
   </trkpt>
   <trkpt lat="37.493439" lon="129.126432">
   </trkpt>
   <trkpt lat="37.49317" lon="129.125993">
   </trkpt>
   <trkpt lat="37.492685" lon="129.125097">
   </trkpt>
   <trkpt lat="37.490864" lon="129.121133">
   </trkpt>
   <trkpt lat="37.489645" lon="129.122081">
   </trkpt>
   <trkpt lat="37.488124" lon="129.123112">
   </trkpt>
   <trkpt lat="37.485961" lon="129.124558">
   </trkpt>
   <trkpt lat="37.484649" lon="129.125297">
   </trkpt>
   <trkpt lat="37.484801" lon="129.125604">
   </trkpt>
   <trkpt lat="37.485116" lon="129.126473">
   </trkpt>
   <trkpt lat="37.485729" lon="129.127975">
   </trkpt>
   <trkpt lat="37.485916" lon="129.128501">
   </trkpt>
   <trkpt lat="37.48625" lon="129.130511">
   </trkpt>
   <trkpt lat="37.486556" lon="129.131691">
   </trkpt>
   <trkpt lat="37.486776" lon="129.132707">
   </trkpt>
   <trkpt lat="37.486781" lon="129.133513">
   </trkpt>
   <trkpt lat="37.486743" lon="129.133848">
   </trkpt>
   <trkpt lat="37.487091" lon="129.135131">
   </trkpt>
   <trkpt lat="37.48853" lon="129.138039">
   </trkpt>
   <trkpt lat="37.488969" lon="129.138864">
   </trkpt>
   <trkpt lat="37.489114" lon="129.138959">
   </trkpt>
   <trkpt lat="37.490041" lon="129.14012">
   </trkpt>
   <trkpt lat="37.490178" lon="129.140531">
   </trkpt>
   <trkpt lat="37.490235" lon="129.141023">
   </trkpt>
   <trkpt lat="37.490765" lon="129.141961">
   </trkpt>
   <trkpt lat="37.490797" lon="129.142213">
   </trkpt>
   <trkpt lat="37.490805" lon="129.142272">
   </trkpt>
   <trkpt lat="37.490659" lon="129.143355">
   </trkpt>
   <trkpt lat="37.48999" lon="129.143794">
   </trkpt>
   <trkpt lat="37.489109" lon="129.144332">
   </trkpt>
   <trkpt lat="37.488918" lon="129.144374">
   </trkpt>
   <trkpt lat="37.488216" lon="129.145058">
   </trkpt>
   <trkpt lat="37.487071" lon="129.145638">
   </trkpt>
   <trkpt lat="37.486926" lon="129.146631">
   </trkpt>
   <trkpt lat="37.486876" lon="129.147191">
   </trkpt>
   <trkpt lat="37.486761" lon="129.147523">
   </trkpt>
   <trkpt lat="37.486548" lon="129.147855">
   </trkpt>
   <trkpt lat="37.48271" lon="129.15196">
   </trkpt>
   <trkpt lat="37.479765" lon="129.155342">
   </trkpt>
   <trkpt lat="37.478561" lon="129.156607">
   </trkpt>
   <trkpt lat="37.478162" lon="129.157056">
   </trkpt>
   <trkpt lat="37.478244" lon="129.157366">
   </trkpt>
   <trkpt lat="37.478417" lon="129.157709">
   </trkpt>
   <trkpt lat="37.477871" lon="129.158137">
   </trkpt>
   <trkpt lat="37.477176" lon="129.158785">
   </trkpt>
   <trkpt lat="37.476772" lon="129.158821">
   </trkpt>
   <trkpt lat="37.476538" lon="129.158872">
   </trkpt>
   <trkpt lat="37.476439" lon="129.158945">
   </trkpt>
   <trkpt lat="37.476411" lon="129.159046">
   </trkpt>
   <trkpt lat="37.476411" lon="129.159242">
   </trkpt>
   <trkpt lat="37.476613" lon="129.159398">
   </trkpt>
   <trkpt lat="37.4765" lon="129.159405">
   </trkpt>
   <trkpt lat="37.476366" lon="129.159761">
   </trkpt>
   <trkpt lat="37.476197" lon="129.160003">
   </trkpt>
   <trkpt lat="37.476169" lon="129.160044">
   </trkpt>
   <trkpt lat="37.475977" lon="129.160166">
   </trkpt>
   <trkpt lat="37.475545" lon="129.160567">
   </trkpt>
   <trkpt lat="37.47541" lon="129.160736">
   </trkpt>
   <trkpt lat="37.47523" lon="129.160878">
   </trkpt>
   <trkpt lat="37.475071" lon="129.160875">
   </trkpt>
   <trkpt lat="37.474969" lon="129.160797">
   </trkpt>
   <trkpt lat="37.474851" lon="129.160645">
   </trkpt>
   <trkpt lat="37.474757" lon="129.160645">
   </trkpt>
   <trkpt lat="37.474643" lon="129.160694">
   </trkpt>
   <trkpt lat="37.47455" lon="129.16101">
   </trkpt>
   <trkpt lat="37.47454" lon="129.16109">
   </trkpt>
   <trkpt lat="37.473721" lon="129.162542">
   </trkpt>
   <trkpt lat="37.473569" lon="129.162662">
   </trkpt>
   <trkpt lat="37.472948" lon="129.162725">
   </trkpt>
   <trkpt lat="37.472619" lon="129.162708">
   </trkpt>
   <trkpt lat="37.472387" lon="129.162599">
   </trkpt>
   <trkpt lat="37.472211" lon="129.162562">
   </trkpt>
   <trkpt lat="37.471907" lon="129.162538">
   </trkpt>
   <trkpt lat="37.471402" lon="129.162577">
   </trkpt>
   <trkpt lat="37.470956" lon="129.162769">
   </trkpt>
   <trkpt lat="37.470333" lon="129.163145">
   </trkpt>
   <trkpt lat="37.469961" lon="129.163506">
   </trkpt>
   <trkpt lat="37.468877" lon="129.165341">
   </trkpt>
   <trkpt lat="37.468641" lon="129.165995">
   </trkpt>
   <trkpt lat="37.468567" lon="129.166143">
   </trkpt>
   <trkpt lat="37.46918" lon="129.166842">
   </trkpt>
   <trkpt lat="37.466681" lon="129.170601">
   </trkpt>
   <trkpt lat="37.466638" lon="129.170884">
   </trkpt>
   <trkpt lat="37.466603" lon="129.171015">
   </trkpt>
   <trkpt lat="37.466525" lon="129.171113">
   </trkpt>
   <trkpt lat="37.466439" lon="129.171178">
   </trkpt>
   <trkpt lat="37.466326" lon="129.1712">
   </trkpt>
   <trkpt lat="37.466206" lon="129.171189">
   </trkpt>
   <trkpt lat="37.46605" lon="129.171126">
   </trkpt>
   <trkpt lat="37.465988" lon="129.171418">
   </trkpt>
   <trkpt lat="37.465839" lon="129.171764">
   </trkpt>
   <trkpt lat="37.465275" lon="129.172895">
   </trkpt>
   <trkpt lat="37.46531" lon="129.173089">
   </trkpt>
   <trkpt lat="37.465483" lon="129.173403">
   </trkpt>
   <trkpt lat="37.465582" lon="129.173647">
   </trkpt>
   <trkpt lat="37.465612" lon="129.173878">
   </trkpt>
   <trkpt lat="37.465583" lon="129.174088">
   </trkpt>
   <trkpt lat="37.465509" lon="129.174358">
   </trkpt>
   <trkpt lat="37.465382" lon="129.174432">
   </trkpt>
   <trkpt lat="37.465241" lon="129.174475">
   </trkpt>
   <trkpt lat="37.465108" lon="129.174538">
   </trkpt>
   <trkpt lat="37.465067" lon="129.174679">
   </trkpt>
   <trkpt lat="37.46494" lon="129.174899">
   </trkpt>
   <trkpt lat="37.464556" lon="129.175197">
   </trkpt>
   <trkpt lat="37.46416" lon="129.175539">
   </trkpt>
   <trkpt lat="37.464042" lon="129.17568">
   </trkpt>
   <trkpt lat="37.463977" lon="129.175963">
   </trkpt>
   <trkpt lat="37.463897" lon="129.176897">
   </trkpt>
   <trkpt lat="37.463559" lon="129.177405">
   </trkpt>
   <trkpt lat="37.463335" lon="129.178332">
   </trkpt>
   <trkpt lat="37.462965" lon="129.179118">
   </trkpt>
   <trkpt lat="37.462853" lon="129.179261">
   </trkpt>
   <trkpt lat="37.462633" lon="129.179456">
   </trkpt>
   <trkpt lat="37.461967" lon="129.179534">
   </trkpt>
   <trkpt lat="37.461413" lon="129.179445">
   </trkpt>
   <trkpt lat="37.461047" lon="129.179501">
   </trkpt>
   <trkpt lat="37.460857" lon="129.179602">
   </trkpt>
   <trkpt lat="37.460592" lon="129.179922">
   </trkpt>
   <trkpt lat="37.46048" lon="129.180205">
   </trkpt>
   <trkpt lat="37.46035" lon="129.180926">
   </trkpt>
   <trkpt lat="37.460279" lon="129.181864">
   </trkpt>
   <trkpt lat="37.460191" lon="129.182083">
   </trkpt>
   <trkpt lat="37.459949" lon="129.182161">
   </trkpt>
   <trkpt lat="37.459611" lon="129.182028">
   </trkpt>
   <trkpt lat="37.459405" lon="129.18205">
   </trkpt>
   <trkpt lat="37.459259" lon="129.182274">
   </trkpt>
   <trkpt lat="37.459128" lon="129.182824">
   </trkpt>
   <trkpt lat="37.458933" lon="129.183005">
   </trkpt>
   <trkpt lat="37.458859" lon="129.183064">
   </trkpt>
   <trkpt lat="37.458351" lon="129.182986">
   </trkpt>
   <trkpt lat="37.458175" lon="129.183057">
   </trkpt>
   <trkpt lat="37.457686" lon="129.183888">
   </trkpt>
   <trkpt lat="37.457479" lon="129.184139">
   </trkpt>
   <trkpt lat="37.457243" lon="129.184317">
   </trkpt>
   <trkpt lat="37.45696" lon="129.184565">
   </trkpt>
   <trkpt lat="37.456794" lon="129.184744">
   </trkpt>
   <trkpt lat="37.456759" lon="129.185034">
   </trkpt>
   <trkpt lat="37.456765" lon="129.185175">
   </trkpt>
   <trkpt lat="37.456698" lon="129.185413">
   </trkpt>
   <trkpt lat="37.456577" lon="129.18567">
   </trkpt>
   <trkpt lat="37.456434" lon="129.185857">
   </trkpt>
   <trkpt lat="37.456348" lon="129.186234">
   </trkpt>
   <trkpt lat="37.456327" lon="129.18644">
   </trkpt>
   <trkpt lat="37.455896" lon="129.186827">
   </trkpt>
   <trkpt lat="37.455625" lon="129.186931">
   </trkpt>
   <trkpt lat="37.455016" lon="129.186731">
   </trkpt>
   <trkpt lat="37.454739" lon="129.186708">
   </trkpt>
   <trkpt lat="37.454225" lon="129.187132">
   </trkpt>
   <trkpt lat="37.454051" lon="129.186976">
   </trkpt>
   <trkpt lat="37.453771" lon="129.186544">
   </trkpt>
   <trkpt lat="37.453313" lon="129.186328">
   </trkpt>
   <trkpt lat="37.452733" lon="129.186476">
   </trkpt>
   <trkpt lat="37.452548" lon="129.186561">
   </trkpt>
   <trkpt lat="37.452379" lon="129.186709">
   </trkpt>
   <trkpt lat="37.452201" lon="129.187171">
   </trkpt>
   <trkpt lat="37.452204" lon="129.187557">
   </trkpt>
   <trkpt lat="37.452173" lon="129.188064">
   </trkpt>
   <trkpt lat="37.451912" lon="129.188378">
   </trkpt>
   <trkpt lat="37.451846" lon="129.188779">
   </trkpt>
   <trkpt lat="37.451696" lon="129.189268">
   </trkpt>
   <trkpt lat="37.451466" lon="129.18935">
   </trkpt>
   <trkpt lat="37.451277" lon="129.189335">
   </trkpt>
   <trkpt lat="37.451118" lon="129.189067">
   </trkpt>
   <trkpt lat="37.451035" lon="129.188822">
   </trkpt>
   <trkpt lat="37.450834" lon="129.188643">
   </trkpt>
   <trkpt lat="37.450539" lon="129.188665">
   </trkpt>
   <trkpt lat="37.450273" lon="129.188926">
   </trkpt>
   <trkpt lat="37.449322" lon="129.189082">
   </trkpt>
   <trkpt lat="37.449038" lon="129.189112">
   </trkpt>
   <trkpt lat="37.448831" lon="129.188881">
   </trkpt>
   <trkpt lat="37.448695" lon="129.188792">
   </trkpt>
   <trkpt lat="37.448447" lon="129.188814">
   </trkpt>
   <trkpt lat="37.448235" lon="129.188963">
   </trkpt>
   <trkpt lat="37.44804" lon="129.189186">
   </trkpt>
   <trkpt lat="37.447792" lon="129.189223">
   </trkpt>
   <trkpt lat="37.447313" lon="129.189142">
   </trkpt>
   <trkpt lat="37.446764" lon="129.189261">
   </trkpt>
   <trkpt lat="37.44648" lon="129.189264">
   </trkpt>
   <trkpt lat="37.445854" lon="129.189218">
   </trkpt>
   <trkpt lat="37.445594" lon="129.189303">
   </trkpt>
   <trkpt lat="37.445342" lon="129.189468">
   </trkpt>
   <trkpt lat="37.445274" lon="129.189555">
   </trkpt>
   <trkpt lat="37.445202" lon="129.18977">
   </trkpt>
   <trkpt lat="37.445158" lon="129.190087">
   </trkpt>
   <trkpt lat="37.445047" lon="129.190425">
   </trkpt>
   <trkpt lat="37.444864" lon="129.190681">
   </trkpt>
   <trkpt lat="37.444617" lon="129.190809">
   </trkpt>
   <trkpt lat="37.444404" lon="129.190835">
   </trkpt>
   <trkpt lat="37.444141" lon="129.190968">
   </trkpt>
   <trkpt lat="37.443855" lon="129.191147">
   </trkpt>
   <trkpt lat="37.44335" lon="129.1916">
   </trkpt>
   <trkpt lat="37.442403" lon="129.192362">
   </trkpt>
   <trkpt lat="37.44198" lon="129.192605">
   </trkpt>
   <trkpt lat="37.441688" lon="129.192683">
   </trkpt>
   <trkpt lat="37.440701" lon="129.192297">
   </trkpt>
   <trkpt lat="37.440009" lon="129.191995">
   </trkpt>
   <trkpt lat="37.439704" lon="129.191716">
   </trkpt>
   <trkpt lat="37.438891" lon="129.190437">
   </trkpt>
   <trkpt lat="37.438808" lon="129.190193">
   </trkpt>
   <trkpt lat="37.438818" lon="129.188821">
   </trkpt>
   <trkpt lat="37.438781" lon="129.188158">
   </trkpt>
   <trkpt lat="37.43867" lon="129.187763">
   </trkpt>
   <trkpt lat="37.43843" lon="129.187461">
   </trkpt>
   <trkpt lat="37.437913" lon="129.187065">
   </trkpt>
   <trkpt lat="37.43672" lon="129.185972">
   </trkpt>
   <trkpt lat="37.434994" lon="129.185123">
   </trkpt>
   <trkpt lat="37.434971" lon="129.185258">
   </trkpt>
   <trkpt lat="37.434864" lon="129.185468">
   </trkpt>
   <trkpt lat="37.434507" lon="129.185812">
   </trkpt>
   <trkpt lat="37.433676" lon="129.186839">
   </trkpt>
   <trkpt lat="37.433393" lon="129.187189">
   </trkpt>
   <trkpt lat="37.433267" lon="129.186815">
   </trkpt>
   <trkpt lat="37.43314" lon="129.186581">
   </trkpt>
   <trkpt lat="37.432851" lon="129.1863">
   </trkpt>
   <trkpt lat="37.432665" lon="129.185992">
   </trkpt>
   <trkpt lat="37.432576" lon="129.18572">
   </trkpt>
   <trkpt lat="37.432301" lon="129.184635">
   </trkpt>
   <trkpt lat="37.432226" lon="129.18427">
   </trkpt>
   <trkpt lat="37.432167" lon="129.183756">
   </trkpt>
   <trkpt lat="37.432167" lon="129.183588">
   </trkpt>
   <trkpt lat="37.432233" lon="129.182942">
   </trkpt>
   <trkpt lat="37.432476" lon="129.181595">
   </trkpt>
   <trkpt lat="37.432757" lon="129.180338">
   </trkpt>
   <trkpt lat="37.432572" lon="129.180215">
   </trkpt>
   <trkpt lat="37.432321" lon="129.180094">
   </trkpt>
   <trkpt lat="37.43157" lon="129.17984">
   </trkpt>
   <trkpt lat="37.430535" lon="129.179548">
   </trkpt>
   <trkpt lat="37.430173" lon="129.179428">
   </trkpt>
   <trkpt lat="37.428233" lon="129.18587">
   </trkpt>
   <trkpt lat="37.428064" lon="129.186406">
   </trkpt>
   <trkpt lat="37.427902" lon="129.186786">
   </trkpt>
   <trkpt lat="37.427736" lon="129.187079">
   </trkpt>
   <trkpt lat="37.427557" lon="129.187305">
   </trkpt>
   <trkpt lat="37.427327" lon="129.187531">
   </trkpt>
   <trkpt lat="37.427143" lon="129.187677">
   </trkpt>
   <trkpt lat="37.42675" lon="129.187874">
   </trkpt>
   <trkpt lat="37.425707" lon="129.188172">
   </trkpt>
   <trkpt lat="37.425434" lon="129.188275">
   </trkpt>
   <trkpt lat="37.4252" lon="129.18842">
   </trkpt>
   <trkpt lat="37.424896" lon="129.188674">
   </trkpt>
   <trkpt lat="37.424686" lon="129.188913">
   </trkpt>
   <trkpt lat="37.4245" lon="129.18917">
   </trkpt>
   <trkpt lat="37.42457" lon="129.189406">
   </trkpt>
   <trkpt lat="37.42442" lon="129.189836">
   </trkpt>
   <trkpt lat="37.423752" lon="129.191037">
   </trkpt>
   <trkpt lat="37.423422" lon="129.191695">
   </trkpt>
   <trkpt lat="37.423397" lon="129.191862">
   </trkpt>
   <trkpt lat="37.42341" lon="129.192017">
   </trkpt>
   <trkpt lat="37.423525" lon="129.192389">
   </trkpt>
   <trkpt lat="37.423565" lon="129.192633">
   </trkpt>
   <trkpt lat="37.423538" lon="129.193016">
   </trkpt>
   <trkpt lat="37.423416" lon="129.19339">
   </trkpt>
   <trkpt lat="37.423278" lon="129.193654">
   </trkpt>
   <trkpt lat="37.423095" lon="129.193849">
   </trkpt>
   <trkpt lat="37.422744" lon="129.193873">
   </trkpt>
   <trkpt lat="37.421897" lon="129.193777">
   </trkpt>
   <trkpt lat="37.421314" lon="129.193758">
   </trkpt>
   <trkpt lat="37.421001" lon="129.194092">
   </trkpt>
   <trkpt lat="37.420286" lon="129.194773">
   </trkpt>
   <trkpt lat="37.419901" lon="129.194958">
   </trkpt>
   <trkpt lat="37.419388" lon="129.195079">
   </trkpt>
   <trkpt lat="37.418926" lon="129.195475">
   </trkpt>
   <trkpt lat="37.418695" lon="129.195765">
   </trkpt>
   <trkpt lat="37.41854" lon="129.19596">
   </trkpt>
   <trkpt lat="37.41819" lon="129.196208">
   </trkpt>
   <trkpt lat="37.416853" lon="129.195947">
   </trkpt>
   <trkpt lat="37.416284" lon="129.195959">
   </trkpt>
   <trkpt lat="37.415869" lon="129.196145">
   </trkpt>
   <trkpt lat="37.415506" lon="129.196211">
   </trkpt>
   <trkpt lat="37.415032" lon="129.196167">
   </trkpt>
   <trkpt lat="37.412505" lon="129.196293">
   </trkpt>
   <trkpt lat="37.412294" lon="129.196392">
   </trkpt>
   <trkpt lat="37.412132" lon="129.196602">
   </trkpt>
   <trkpt lat="37.41203" lon="129.196916">
   </trkpt>
   <trkpt lat="37.412122" lon="129.197389">
   </trkpt>
   <trkpt lat="37.412113" lon="129.197756">
   </trkpt>
   <trkpt lat="37.411908" lon="129.198232">
   </trkpt>
   <trkpt lat="37.411528" lon="129.199002">
   </trkpt>
   <trkpt lat="37.411407" lon="129.199563">
   </trkpt>
   <trkpt lat="37.411201" lon="129.199905">
   </trkpt>
   <trkpt lat="37.410838" lon="129.200124">
   </trkpt>
   <trkpt lat="37.410618" lon="129.200189">
   </trkpt>
   <trkpt lat="37.410329" lon="129.200204">
   </trkpt>
   <trkpt lat="37.410042" lon="129.200277">
   </trkpt>
   <trkpt lat="37.409853" lon="129.200446">
   </trkpt>
   <trkpt lat="37.409518" lon="129.200922">
   </trkpt>
   <trkpt lat="37.40927" lon="129.201239">
   </trkpt>
   <trkpt lat="37.408745" lon="129.20156">
   </trkpt>
   <trkpt lat="37.406864" lon="129.202596">
   </trkpt>
   <trkpt lat="37.406229" lon="129.202906">
   </trkpt>
   <trkpt lat="37.405236" lon="129.203294">
   </trkpt>
   <trkpt lat="37.405036" lon="129.203497">
   </trkpt>
   <trkpt lat="37.404965" lon="129.203723">
   </trkpt>
   <trkpt lat="37.404892" lon="129.204549">
   </trkpt>
   <trkpt lat="37.404858" lon="129.204796">
   </trkpt>
   <trkpt lat="37.404754" lon="129.20504">
   </trkpt>
   <trkpt lat="37.404101" lon="129.205791">
   </trkpt>
   <trkpt lat="37.401548" lon="129.208613">
   </trkpt>
   <trkpt lat="37.399333" lon="129.211249">
   </trkpt>
   <trkpt lat="37.397553" lon="129.213552">
   </trkpt>
   <trkpt lat="37.396561" lon="129.214578">
   </trkpt>
   <trkpt lat="37.395372" lon="129.216072">
   </trkpt>
   <trkpt lat="37.394827" lon="129.216625">
   </trkpt>
   <trkpt lat="37.394892" lon="129.216879">
   </trkpt>
   <trkpt lat="37.39345" lon="129.223448">
   </trkpt>
   <trkpt lat="37.393302" lon="129.223744">
   </trkpt>
   <trkpt lat="37.393406" lon="129.224692">
   </trkpt>
   <trkpt lat="37.393886" lon="129.225147">
   </trkpt>
   <trkpt lat="37.392525" lon="129.227372">
   </trkpt>
   <trkpt lat="37.392357" lon="129.227684">
   </trkpt>
   <trkpt lat="37.392112" lon="129.228268">
   </trkpt>
   <trkpt lat="37.390357" lon="129.23144">
   </trkpt>
   <trkpt lat="37.388545" lon="129.235078">
   </trkpt>
   <trkpt lat="37.388459" lon="129.235219">
   </trkpt>
   <trkpt lat="37.388343" lon="129.235361">
   </trkpt>
   <trkpt lat="37.388217" lon="129.235466">
   </trkpt>
   <trkpt lat="37.388102" lon="129.235513">
   </trkpt>
   <trkpt lat="37.387955" lon="129.235497">
   </trkpt>
   <trkpt lat="37.387661" lon="129.235323">
   </trkpt>
   <trkpt lat="37.387769" lon="129.235231">
   </trkpt>
   <trkpt lat="37.387891" lon="129.234971">
   </trkpt>
   <trkpt lat="37.387769" lon="129.235231">
   </trkpt>
   <trkpt lat="37.387661" lon="129.235323">
   </trkpt>
   <trkpt lat="37.387379" lon="129.235656">
   </trkpt>
   <trkpt lat="37.386426" lon="129.236615">
   </trkpt>
   <trkpt lat="37.386235" lon="129.236733">
   </trkpt>
   <trkpt lat="37.386023" lon="129.236766">
   </trkpt>
   <trkpt lat="37.3858" lon="129.236717">
   </trkpt>
   <trkpt lat="37.385546" lon="129.236602">
   </trkpt>
   <trkpt lat="37.384963" lon="129.236229">
   </trkpt>
   <trkpt lat="37.384714" lon="129.235993">
   </trkpt>
   <trkpt lat="37.383916" lon="129.234757">
   </trkpt>
   <trkpt lat="37.382392" lon="129.230769">
   </trkpt>
   <trkpt lat="37.382272" lon="129.230354">
   </trkpt>
   <trkpt lat="37.38223" lon="129.230074">
   </trkpt>
   <trkpt lat="37.382275" lon="129.228919">
   </trkpt>
   <trkpt lat="37.382062" lon="129.228919">
   </trkpt>
   <trkpt lat="37.381968" lon="129.229332">
   </trkpt>
   <trkpt lat="37.381891" lon="129.229496">
   </trkpt>
   <trkpt lat="37.381753" lon="129.229638">
   </trkpt>
   <trkpt lat="37.381639" lon="129.229641">
   </trkpt>
   <trkpt lat="37.379807" lon="129.228243">
   </trkpt>
   <trkpt lat="37.379489" lon="129.228047">
   </trkpt>
   <trkpt lat="37.378796" lon="129.227806">
   </trkpt>
   <trkpt lat="37.377705" lon="129.227956">
   </trkpt>
   <trkpt lat="37.37694" lon="129.228085">
   </trkpt>
   <trkpt lat="37.37584" lon="129.228396">
   </trkpt>
   <trkpt lat="37.374156" lon="129.229208">
   </trkpt>
   <trkpt lat="37.373243" lon="129.229792">
   </trkpt>
   <trkpt lat="37.37168" lon="129.23017">
   </trkpt>
   <trkpt lat="37.370964" lon="129.230306">
   </trkpt>
   <trkpt lat="37.370719" lon="129.230315">
   </trkpt>
   <trkpt lat="37.370311" lon="129.230259">
   </trkpt>
   <trkpt lat="37.36968" lon="129.230142">
   </trkpt>
   <trkpt lat="37.368704" lon="129.229866">
   </trkpt>
   <trkpt lat="37.367613" lon="129.229236">
   </trkpt>
   <trkpt lat="37.367438" lon="129.229054">
   </trkpt>
   <trkpt lat="37.367127" lon="129.22843">
   </trkpt>
   <trkpt lat="37.366543" lon="129.228554">
   </trkpt>
   <trkpt lat="37.366072" lon="129.228915">
   </trkpt>
   <trkpt lat="37.365355" lon="129.229592">
   </trkpt>
   <trkpt lat="37.364891" lon="129.229862">
   </trkpt>
   <trkpt lat="37.363821" lon="129.230211">
   </trkpt>
   <trkpt lat="37.363556" lon="129.230135">
   </trkpt>
   <trkpt lat="37.363128" lon="129.229767">
   </trkpt>
   <trkpt lat="37.362978" lon="129.229696">
   </trkpt>
   <trkpt lat="37.36278" lon="129.229701">
   </trkpt>
   <trkpt lat="37.362345" lon="129.229981">
   </trkpt>
   <trkpt lat="37.361056" lon="129.230755">
   </trkpt>
   <trkpt lat="37.359731" lon="129.231102">
   </trkpt>
   <trkpt lat="37.359234" lon="129.23114">
   </trkpt>
   <trkpt lat="37.358568" lon="129.231131">
   </trkpt>
   <trkpt lat="37.35801" lon="129.231466">
   </trkpt>
   <trkpt lat="37.35578" lon="129.233575">
   </trkpt>
   <trkpt lat="37.354798" lon="129.234229">
   </trkpt>
   <trkpt lat="37.353549" lon="129.234936">
   </trkpt>
   <trkpt lat="37.35205" lon="129.235841">
   </trkpt>
   <trkpt lat="37.351046" lon="129.236615">
   </trkpt>
   <trkpt lat="37.3503" lon="129.237395">
   </trkpt>
   <trkpt lat="37.348926" lon="129.239">
   </trkpt>
   <trkpt lat="37.348459" lon="129.239577">
   </trkpt>
   <trkpt lat="37.348137" lon="129.239823">
   </trkpt>
   <trkpt lat="37.347874" lon="129.239958">
   </trkpt>
   <trkpt lat="37.345153" lon="129.240529">
   </trkpt>
   <trkpt lat="37.344624" lon="129.240502">
   </trkpt>
   <trkpt lat="37.343929" lon="129.240388">
   </trkpt>
   <trkpt lat="37.34088" lon="129.239239">
   </trkpt>
   <trkpt lat="37.340556" lon="129.239171">
   </trkpt>
   <trkpt lat="37.340242" lon="129.239233">
   </trkpt>
   <trkpt lat="37.339883" lon="129.239454">
   </trkpt>
   <trkpt lat="37.339552" lon="129.2398">
   </trkpt>
   <trkpt lat="37.338548" lon="129.240984">
   </trkpt>
   <trkpt lat="37.33787" lon="129.241829">
   </trkpt>
   <trkpt lat="37.337162" lon="129.242579">
   </trkpt>
   <trkpt lat="37.336186" lon="129.243676">
   </trkpt>
   <trkpt lat="37.333595" lon="129.246324">
   </trkpt>
   <trkpt lat="37.333049" lon="129.247163">
   </trkpt>
   <trkpt lat="37.332825" lon="129.247853">
   </trkpt>
   <trkpt lat="37.332684" lon="129.248493">
   </trkpt>
   <trkpt lat="37.332495" lon="129.249799">
   </trkpt>
   <trkpt lat="37.332383" lon="129.250336">
   </trkpt>
   <trkpt lat="37.332177" lon="129.250728">
   </trkpt>
   <trkpt lat="37.331715" lon="129.251254">
   </trkpt>
   <trkpt lat="37.331339" lon="129.251489">
   </trkpt>
   <trkpt lat="37.330613" lon="129.252316">
   </trkpt>
   <trkpt lat="37.330271" lon="129.252946">
   </trkpt>
   <trkpt lat="37.330131" lon="129.253651">
   </trkpt>
   <trkpt lat="37.330008" lon="129.254901">
   </trkpt>
   <trkpt lat="37.329739" lon="129.256537">
   </trkpt>
   <trkpt lat="37.329616" lon="129.257926">
   </trkpt>
   <trkpt lat="37.32961" lon="129.258725">
   </trkpt>
   <trkpt lat="37.329487" lon="129.259059">
   </trkpt>
   <trkpt lat="37.329062" lon="129.25955">
   </trkpt>
   <trkpt lat="37.327523" lon="129.261409">
   </trkpt>
   <trkpt lat="37.326367" lon="129.262664">
   </trkpt>
   <trkpt lat="37.325177" lon="129.263609">
   </trkpt>
   <trkpt lat="37.323843" lon="129.265375">
   </trkpt>
   <trkpt lat="37.323586" lon="129.2656">
   </trkpt>
   <trkpt lat="37.323305" lon="129.265742">
   </trkpt>
   <trkpt lat="37.322938" lon="129.265776">
   </trkpt>
   <trkpt lat="37.32227" lon="129.265792">
   </trkpt>
   <trkpt lat="37.321927" lon="129.265897">
   </trkpt>
   <trkpt lat="37.321563" lon="129.266125">
   </trkpt>
   <trkpt lat="37.320962" lon="129.266666">
   </trkpt>
   <trkpt lat="37.320615" lon="129.266954">
   </trkpt>
   <trkpt lat="37.320422" lon="129.267153">
   </trkpt>
   <trkpt lat="37.31941" lon="129.268355">
   </trkpt>
   <trkpt lat="37.318827" lon="129.26913">
   </trkpt>
   <trkpt lat="37.318382" lon="129.269764">
   </trkpt>
   <trkpt lat="37.318182" lon="129.270336">
   </trkpt>
   <trkpt lat="37.318085" lon="129.271083">
   </trkpt>
   <trkpt lat="37.31797" lon="129.272317">
   </trkpt>
   <trkpt lat="37.3179" lon="129.272787">
   </trkpt>
   <trkpt lat="37.31783" lon="129.273117">
   </trkpt>
   <trkpt lat="37.31762" lon="129.273867">
   </trkpt>
   <trkpt lat="37.3173" lon="129.274717">
   </trkpt>
   <trkpt lat="37.31717" lon="129.274927">
   </trkpt>
   <trkpt lat="37.31685" lon="129.275367">
   </trkpt>
   <trkpt lat="37.3164" lon="129.275777">
   </trkpt>
   <trkpt lat="37.31587" lon="129.276157">
   </trkpt>
   <trkpt lat="37.31557" lon="129.276517">
   </trkpt>
   <trkpt lat="37.31515" lon="129.277077">
   </trkpt>
   <trkpt lat="37.315014" lon="129.277341">
   </trkpt>
   <trkpt lat="37.31474" lon="129.277807">
   </trkpt>
   <trkpt lat="37.31417" lon="129.278707">
   </trkpt>
   <trkpt lat="37.31241" lon="129.281143">
   </trkpt>
   <trkpt lat="37.312263" lon="129.281529">
   </trkpt>
   <trkpt lat="37.312133" lon="129.282205">
   </trkpt>
   <trkpt lat="37.312035" lon="129.283">
   </trkpt>
   <trkpt lat="37.311944" lon="129.283401">
   </trkpt>
   <trkpt lat="37.31176" lon="129.2839">
   </trkpt>
   <trkpt lat="37.311361" lon="129.28461">
   </trkpt>
   <trkpt lat="37.311175" lon="129.284859">
   </trkpt>
   <trkpt lat="37.310224" lon="129.285137">
   </trkpt>
   <trkpt lat="37.30985" lon="129.285305">
   </trkpt>
   <trkpt lat="37.309277" lon="129.285644">
   </trkpt>
   <trkpt lat="37.308975" lon="129.285784">
   </trkpt>
   <trkpt lat="37.308767" lon="129.285815">
   </trkpt>
   <trkpt lat="37.308584" lon="129.285817">
   </trkpt>
   <trkpt lat="37.308359" lon="129.28578">
   </trkpt>
   <trkpt lat="37.308" lon="129.285647">
   </trkpt>
   <trkpt lat="37.307829" lon="129.285605">
   </trkpt>
   <trkpt lat="37.307684" lon="129.285588">
   </trkpt>
   <trkpt lat="37.307535" lon="129.28564">
   </trkpt>
   <trkpt lat="37.30746" lon="129.285712">
   </trkpt>
   <trkpt lat="37.307402" lon="129.285801">
   </trkpt>
   <trkpt lat="37.307348" lon="129.285999">
   </trkpt>
   <trkpt lat="37.307351" lon="129.28612">
   </trkpt>
   <trkpt lat="37.307378" lon="129.286232">
   </trkpt>
   <trkpt lat="37.307548" lon="129.286655">
   </trkpt>
   <trkpt lat="37.307563" lon="129.28677">
   </trkpt>
   <trkpt lat="37.307552" lon="129.28688">
   </trkpt>
   <trkpt lat="37.30751" lon="129.286992">
   </trkpt>
   <trkpt lat="37.307387" lon="129.287215">
   </trkpt>
   <trkpt lat="37.306945" lon="129.287806">
   </trkpt>
   <trkpt lat="37.306706" lon="129.288087">
   </trkpt>
   <trkpt lat="37.306605" lon="129.288168">
   </trkpt>
   <trkpt lat="37.306509" lon="129.288217">
   </trkpt>
   <trkpt lat="37.306409" lon="129.28824">
   </trkpt>
   <trkpt lat="37.306221" lon="129.288209">
   </trkpt>
   <trkpt lat="37.306116" lon="129.28816">
   </trkpt>
   <trkpt lat="37.305651" lon="129.287743">
   </trkpt>
   <trkpt lat="37.305428" lon="129.287513">
   </trkpt>
   <trkpt lat="37.305337" lon="129.287474">
   </trkpt>
   <trkpt lat="37.305253" lon="129.287471">
   </trkpt>
   <trkpt lat="37.305161" lon="129.2875">
   </trkpt>
   <trkpt lat="37.305098" lon="129.287562">
   </trkpt>
   <trkpt lat="37.305048" lon="129.287667">
   </trkpt>
   <trkpt lat="37.305025" lon="129.287795">
   </trkpt>
   <trkpt lat="37.305025" lon="129.288579">
   </trkpt>
   <trkpt lat="37.304965" lon="129.289004">
   </trkpt>
   <trkpt lat="37.30491" lon="129.289216">
   </trkpt>
   <trkpt lat="37.304803" lon="129.289508">
   </trkpt>
   <trkpt lat="37.304136" lon="129.290984">
   </trkpt>
   <trkpt lat="37.303454" lon="129.292389">
   </trkpt>
   <trkpt lat="37.303325" lon="129.292589">
   </trkpt>
   <trkpt lat="37.302723" lon="129.293213">
   </trkpt>
   <trkpt lat="37.302633" lon="129.293347">
   </trkpt>
   <trkpt lat="37.302562" lon="129.293502">
   </trkpt>
   <trkpt lat="37.302396" lon="129.293949">
   </trkpt>
   <trkpt lat="37.302251" lon="129.294192">
   </trkpt>
   <trkpt lat="37.302006" lon="129.29455">
   </trkpt>
   <trkpt lat="37.301643" lon="129.294974">
   </trkpt>
   <trkpt lat="37.301508" lon="129.29507">
   </trkpt>
   <trkpt lat="37.301071" lon="129.29485">
   </trkpt>
   <trkpt lat="37.300751" lon="129.294659">
   </trkpt>
   <trkpt lat="37.300616" lon="129.294609">
   </trkpt>
   <trkpt lat="37.300503" lon="129.294595">
   </trkpt>
   <trkpt lat="37.300386" lon="129.294615">
   </trkpt>
   <trkpt lat="37.300274" lon="129.294665">
   </trkpt>
   <trkpt lat="37.300073" lon="129.294791">
   </trkpt>
   <trkpt lat="37.299371" lon="129.295301">
   </trkpt>
   <trkpt lat="37.299266" lon="129.295345">
   </trkpt>
   <trkpt lat="37.298826" lon="129.295467">
   </trkpt>
   <trkpt lat="37.298724" lon="129.295532">
   </trkpt>
   <trkpt lat="37.298363" lon="129.296005">
   </trkpt>
   <trkpt lat="37.298265" lon="129.296083">
   </trkpt>
   <trkpt lat="37.29816" lon="129.296124">
   </trkpt>
   <trkpt lat="37.298054" lon="129.296124">
   </trkpt>
   <trkpt lat="37.297749" lon="129.296035">
   </trkpt>
   <trkpt lat="37.297581" lon="129.296038">
   </trkpt>
   <trkpt lat="37.297399" lon="129.296134">
   </trkpt>
   <trkpt lat="37.297316" lon="129.296216">
   </trkpt>
   <trkpt lat="37.297257" lon="129.296317">
   </trkpt>
   <trkpt lat="37.297218" lon="129.296438">
   </trkpt>
   <trkpt lat="37.297192" lon="129.296604">
   </trkpt>
   <trkpt lat="37.29716" lon="129.297129">
   </trkpt>
   <trkpt lat="37.297135" lon="129.297222">
   </trkpt>
   <trkpt lat="37.297095" lon="129.297292">
   </trkpt>
   <trkpt lat="37.29703" lon="129.297346">
   </trkpt>
   <trkpt lat="37.296702" lon="129.297445">
   </trkpt>
   <trkpt lat="37.296599" lon="129.297503">
   </trkpt>
   <trkpt lat="37.296491" lon="129.297653">
   </trkpt>
   <trkpt lat="37.296459" lon="129.297746">
   </trkpt>
   <trkpt lat="37.296451" lon="129.297866">
   </trkpt>
   <trkpt lat="37.296486" lon="129.298024">
   </trkpt>
   <trkpt lat="37.296677" lon="129.298438">
   </trkpt>
   <trkpt lat="37.29678" lon="129.298807">
   </trkpt>
   <trkpt lat="37.296781" lon="129.299045">
   </trkpt>
   <trkpt lat="37.296745" lon="129.299167">
   </trkpt>
   <trkpt lat="37.296689" lon="129.29927">
   </trkpt>
   <trkpt lat="37.296605" lon="129.299357">
   </trkpt>
   <trkpt lat="37.296512" lon="129.299421">
   </trkpt>
   <trkpt lat="37.295993" lon="129.299663">
   </trkpt>
   <trkpt lat="37.295815" lon="129.299722">
   </trkpt>
   <trkpt lat="37.295609" lon="129.29973">
   </trkpt>
   <trkpt lat="37.294488" lon="129.299446">
   </trkpt>
   <trkpt lat="37.293723" lon="129.299271">
   </trkpt>
   <trkpt lat="37.293579" lon="129.299253">
   </trkpt>
   <trkpt lat="37.293138" lon="129.299281">
   </trkpt>
   <trkpt lat="37.292482" lon="129.299367">
   </trkpt>
   <trkpt lat="37.292184" lon="129.299373">
   </trkpt>
   <trkpt lat="37.291988" lon="129.299347">
   </trkpt>
   <trkpt lat="37.291836" lon="129.299294">
   </trkpt>
   <trkpt lat="37.291749" lon="129.299231">
   </trkpt>
   <trkpt lat="37.291685" lon="129.299139">
   </trkpt>
   <trkpt lat="37.291646" lon="129.299021">
   </trkpt>
   <trkpt lat="37.291649" lon="129.298874">
   </trkpt>
   <trkpt lat="37.291674" lon="129.298755">
   </trkpt>
   <trkpt lat="37.291777" lon="129.298507">
   </trkpt>
   <trkpt lat="37.291844" lon="129.298243">
   </trkpt>
   <trkpt lat="37.291832" lon="129.298139">
   </trkpt>
   <trkpt lat="37.291801" lon="129.298049">
   </trkpt>
   <trkpt lat="37.291729" lon="129.297956">
   </trkpt>
   <trkpt lat="37.291613" lon="129.297854">
   </trkpt>
   <trkpt lat="37.291202" lon="129.297639">
   </trkpt>
   <trkpt lat="37.291065" lon="129.297595">
   </trkpt>
   <trkpt lat="37.290922" lon="129.297609">
   </trkpt>
   <trkpt lat="37.290806" lon="129.297669">
   </trkpt>
   <trkpt lat="37.290328" lon="129.298124">
   </trkpt>
   <trkpt lat="37.290239" lon="129.29819">
   </trkpt>
   <trkpt lat="37.289957" lon="129.298289">
   </trkpt>
   <trkpt lat="37.288748" lon="129.298438">
   </trkpt>
   <trkpt lat="37.288472" lon="129.298517">
   </trkpt>
   <trkpt lat="37.288201" lon="129.298652">
   </trkpt>
   <trkpt lat="37.288118" lon="129.298736">
   </trkpt>
   <trkpt lat="37.287954" lon="129.298976">
   </trkpt>
   <trkpt lat="37.287863" lon="129.299263">
   </trkpt>
   <trkpt lat="37.287851" lon="129.299321">
   </trkpt>
   <trkpt lat="37.287851" lon="129.299487">
   </trkpt>
   <trkpt lat="37.287887" lon="129.299651">
   </trkpt>
   <trkpt lat="37.288027" lon="129.299974">
   </trkpt>
   <trkpt lat="37.288142" lon="129.300156">
   </trkpt>
   <trkpt lat="37.288766" lon="129.300929">
   </trkpt>
   <trkpt lat="37.288896" lon="129.301125">
   </trkpt>
   <trkpt lat="37.289098" lon="129.301752">
   </trkpt>
   <trkpt lat="37.289163" lon="129.302055">
   </trkpt>
   <trkpt lat="37.289223" lon="129.302506">
   </trkpt>
   <trkpt lat="37.28922" lon="129.302717">
   </trkpt>
   <trkpt lat="37.289188" lon="129.302857">
   </trkpt>
   <trkpt lat="37.289139" lon="129.302983">
   </trkpt>
   <trkpt lat="37.288844" lon="129.303483">
   </trkpt>
   <trkpt lat="37.288676" lon="129.3038">
   </trkpt>
   <trkpt lat="37.287955" lon="129.304952">
   </trkpt>
   <trkpt lat="37.286955" lon="129.306406">
   </trkpt>
   <trkpt lat="37.286748" lon="129.306782">
   </trkpt>
   <trkpt lat="37.286547" lon="129.307326">
   </trkpt>
   <trkpt lat="37.286202" lon="129.308709">
   </trkpt>
   <trkpt lat="37.285957" lon="129.309546">
   </trkpt>
   <trkpt lat="37.285701" lon="129.310168">
   </trkpt>
   <trkpt lat="37.285486" lon="129.310526">
   </trkpt>
   <trkpt lat="37.284744" lon="129.311541">
   </trkpt>
   <trkpt lat="37.284111" lon="129.312148">
   </trkpt>
   <trkpt lat="37.283695" lon="129.312645">
   </trkpt>
   <trkpt lat="37.283619" lon="129.312846">
   </trkpt>
   <trkpt lat="37.283585" lon="129.313187">
   </trkpt>
   <trkpt lat="37.283611" lon="129.313408">
   </trkpt>
   <trkpt lat="37.283708" lon="129.31401">
   </trkpt>
   <trkpt lat="37.28376" lon="129.314244">
   </trkpt>
   <trkpt lat="37.283843" lon="129.314481">
   </trkpt>
   <trkpt lat="37.284008" lon="129.314668">
   </trkpt>
   <trkpt lat="37.284307" lon="129.31477">
   </trkpt>
   <trkpt lat="37.284907" lon="129.314916">
   </trkpt>
   <trkpt lat="37.285202" lon="129.315036">
   </trkpt>
   <trkpt lat="37.285322" lon="129.315135">
   </trkpt>
   <trkpt lat="37.2855" lon="129.315393">
   </trkpt>
   <trkpt lat="37.28557" lon="129.315551">
   </trkpt>
   <trkpt lat="37.28559" lon="129.315983">
   </trkpt>
   <trkpt lat="37.285548" lon="129.316166">
   </trkpt>
   <trkpt lat="37.285346" lon="129.316644">
   </trkpt>
   <trkpt lat="37.285286" lon="129.316844">
   </trkpt>
   <trkpt lat="37.28526" lon="129.317918">
   </trkpt>
   <trkpt lat="37.28519" lon="129.318161">
   </trkpt>
   <trkpt lat="37.284747" lon="129.318633">
   </trkpt>
   <trkpt lat="37.283956" lon="129.319344">
   </trkpt>
   <trkpt lat="37.283692" lon="129.319504">
   </trkpt>
   <trkpt lat="37.283455" lon="129.319561">
   </trkpt>
   <trkpt lat="37.282845" lon="129.319606">
   </trkpt>
   <trkpt lat="37.282555" lon="129.319708">
   </trkpt>
   <trkpt lat="37.282172" lon="129.319958">
   </trkpt>
   <trkpt lat="37.282007" lon="129.3201">
   </trkpt>
   <trkpt lat="37.281527" lon="129.320688">
   </trkpt>
   <trkpt lat="37.281402" lon="129.321132">
   </trkpt>
   <trkpt lat="37.281332" lon="129.3219">
   </trkpt>
   <trkpt lat="37.281102" lon="129.322609">
   </trkpt>
   <trkpt lat="37.280752" lon="129.323078">
   </trkpt>
   <trkpt lat="37.280491" lon="129.32327">
   </trkpt>
   <trkpt lat="37.280216" lon="129.323418">
   </trkpt>
   <trkpt lat="37.28002" lon="129.323586">
   </trkpt>
   <trkpt lat="37.279729" lon="129.323923">
   </trkpt>
   <trkpt lat="37.279674" lon="129.324032">
   </trkpt>
   <trkpt lat="37.279622" lon="129.324133">
   </trkpt>
   <trkpt lat="37.279374" lon="129.324773">
   </trkpt>
   <trkpt lat="37.27924" lon="129.325003">
   </trkpt>
   <trkpt lat="37.279003" lon="129.325277">
   </trkpt>
   <trkpt lat="37.278724" lon="129.325471">
   </trkpt>
   <trkpt lat="37.27855" lon="129.325559">
   </trkpt>
   <trkpt lat="37.278225" lon="129.325657">
   </trkpt>
   <trkpt lat="37.2773" lon="129.32576">
   </trkpt>
   <trkpt lat="37.276842" lon="129.325744">
   </trkpt>
   <trkpt lat="37.276637" lon="129.325671">
   </trkpt>
   <trkpt lat="37.276477" lon="129.325518">
   </trkpt>
   <trkpt lat="37.276406" lon="129.325387">
   </trkpt>
   <trkpt lat="37.276339" lon="129.325218">
   </trkpt>
   <trkpt lat="37.276222" lon="129.324766">
   </trkpt>
   <trkpt lat="37.276098" lon="129.324541">
   </trkpt>
   <trkpt lat="37.276001" lon="129.324437">
   </trkpt>
   <trkpt lat="37.275907" lon="129.324374">
   </trkpt>
   <trkpt lat="37.275785" lon="129.324321">
   </trkpt>
   <trkpt lat="37.275599" lon="129.324292">
   </trkpt>
   <trkpt lat="37.275357" lon="129.324288">
   </trkpt>
   <trkpt lat="37.274602" lon="129.324384">
   </trkpt>
   <trkpt lat="37.274464" lon="129.324392">
   </trkpt>
   <trkpt lat="37.274371" lon="129.324366">
   </trkpt>
   <trkpt lat="37.27426" lon="129.324295">
   </trkpt>
   <trkpt lat="37.274182" lon="129.324221">
   </trkpt>
   <trkpt lat="37.273873" lon="129.323843">
   </trkpt>
   <trkpt lat="37.273228" lon="129.323366">
   </trkpt>
   <trkpt lat="37.273003" lon="129.323171">
   </trkpt>
   <trkpt lat="37.272813" lon="129.322949">
   </trkpt>
   <trkpt lat="37.272668" lon="129.322729">
   </trkpt>
   <trkpt lat="37.272533" lon="129.322486">
   </trkpt>
   <trkpt lat="37.272373" lon="129.322279">
   </trkpt>
   <trkpt lat="37.272175" lon="129.322094">
   </trkpt>
   <trkpt lat="37.272" lon="129.322027">
   </trkpt>
   <trkpt lat="37.271839" lon="129.322011">
   </trkpt>
   <trkpt lat="37.27168" lon="129.322027">
   </trkpt>
   <trkpt lat="37.271291" lon="129.322197">
   </trkpt>
   <trkpt lat="37.270557" lon="129.322624">
   </trkpt>
   <trkpt lat="37.27022" lon="129.322798">
   </trkpt>
   <trkpt lat="37.270098" lon="129.322851">
   </trkpt>
   <trkpt lat="37.269987" lon="129.322863">
   </trkpt>
   <trkpt lat="37.26988" lon="129.32283">
   </trkpt>
   <trkpt lat="37.269789" lon="129.322752">
   </trkpt>
   <trkpt lat="37.269735" lon="129.322651">
   </trkpt>
   <trkpt lat="37.269711" lon="129.322527">
   </trkpt>
   <trkpt lat="37.26972" lon="129.322411">
   </trkpt>
   <trkpt lat="37.269757" lon="129.322289">
   </trkpt>
   <trkpt lat="37.270012" lon="129.321818">
   </trkpt>
   <trkpt lat="37.270029" lon="129.321647">
   </trkpt>
   <trkpt lat="37.269995" lon="129.321524">
   </trkpt>
   <trkpt lat="37.269926" lon="129.321462">
   </trkpt>
   <trkpt lat="37.269829" lon="129.321427">
   </trkpt>
   <trkpt lat="37.26971" lon="129.32144">
   </trkpt>
   <trkpt lat="37.268794" lon="129.322009">
   </trkpt>
   <trkpt lat="37.268604" lon="129.322139">
   </trkpt>
   <trkpt lat="37.268502" lon="129.322231">
   </trkpt>
   <trkpt lat="37.268433" lon="129.322336">
   </trkpt>
   <trkpt lat="37.268369" lon="129.32252">
   </trkpt>
   <trkpt lat="37.268185" lon="129.323323">
   </trkpt>
   <trkpt lat="37.267997" lon="129.324056">
   </trkpt>
   <trkpt lat="37.267927" lon="129.324272">
   </trkpt>
   <trkpt lat="37.267757" lon="129.324688">
   </trkpt>
   <trkpt lat="37.267653" lon="129.324832">
   </trkpt>
   <trkpt lat="37.267549" lon="129.324905">
   </trkpt>
   <trkpt lat="37.267214" lon="129.324969">
   </trkpt>
   <trkpt lat="37.267054" lon="129.324959">
   </trkpt>
   <trkpt lat="37.266919" lon="129.324911">
   </trkpt>
   <trkpt lat="37.266823" lon="129.324827">
   </trkpt>
   <trkpt lat="37.266752" lon="129.324713">
   </trkpt>
   <trkpt lat="37.266301" lon="129.323516">
   </trkpt>
   <trkpt lat="37.266112" lon="129.323126">
   </trkpt>
   <trkpt lat="37.26595" lon="129.322864">
   </trkpt>
   <trkpt lat="37.26585" lon="129.322766">
   </trkpt>
   <trkpt lat="37.265764" lon="129.322736">
   </trkpt>
   <trkpt lat="37.265591" lon="129.322749">
   </trkpt>
   <trkpt lat="37.265533" lon="129.322791">
   </trkpt>
   <trkpt lat="37.265439" lon="129.322912">
   </trkpt>
   <trkpt lat="37.265377" lon="129.323113">
   </trkpt>
   <trkpt lat="37.265349" lon="129.323612">
   </trkpt>
   <trkpt lat="37.265376" lon="129.324141">
   </trkpt>
   <trkpt lat="37.265351" lon="129.324406">
   </trkpt>
   <trkpt lat="37.265288" lon="129.324567">
   </trkpt>
   <trkpt lat="37.265194" lon="129.324687">
   </trkpt>
   <trkpt lat="37.264986" lon="129.324875">
   </trkpt>
   <trkpt lat="37.262957" lon="129.326299">
   </trkpt>
   <trkpt lat="37.2628" lon="129.326445">
   </trkpt>
   <trkpt lat="37.262674" lon="129.326599">
   </trkpt>
   <trkpt lat="37.262619" lon="129.326724">
   </trkpt>
   <trkpt lat="37.262608" lon="129.326888">
   </trkpt>
   <trkpt lat="37.262691" lon="129.32758">
   </trkpt>
   <trkpt lat="37.262674" lon="129.327935">
   </trkpt>
   <trkpt lat="37.262618" lon="129.328057">
   </trkpt>
   <trkpt lat="37.262529" lon="129.328188">
   </trkpt>
   <trkpt lat="37.262173" lon="129.328521">
   </trkpt>
   <trkpt lat="37.262058" lon="129.328649">
   </trkpt>
   <trkpt lat="37.262008" lon="129.328754">
   </trkpt>
   <trkpt lat="37.261985" lon="129.328876">
   </trkpt>
   <trkpt lat="37.261996" lon="129.329174">
   </trkpt>
   <trkpt lat="37.261977" lon="129.329287">
   </trkpt>
   <trkpt lat="37.261882" lon="129.329411">
   </trkpt>
   <trkpt lat="37.261577" lon="129.329682">
   </trkpt>
   <trkpt lat="37.261408" lon="129.329994">
   </trkpt>
   <trkpt lat="37.261326" lon="129.330085">
   </trkpt>
   <trkpt lat="37.261232" lon="129.33012">
   </trkpt>
   <trkpt lat="37.261113" lon="129.330121">
   </trkpt>
   <trkpt lat="37.260892" lon="129.330014">
   </trkpt>
   <trkpt lat="37.260799" lon="129.329997">
   </trkpt>
   <trkpt lat="37.260711" lon="129.330013">
   </trkpt>
   <trkpt lat="37.260638" lon="129.330078">
   </trkpt>
   <trkpt lat="37.260537" lon="129.330334">
   </trkpt>
   <trkpt lat="37.26048" lon="129.330763">
   </trkpt>
   <trkpt lat="37.260397" lon="129.331112">
   </trkpt>
   <trkpt lat="37.260031" lon="129.33221">
   </trkpt>
   <trkpt lat="37.25993" lon="129.332645">
   </trkpt>
   <trkpt lat="37.25982" lon="129.332984">
   </trkpt>
   <trkpt lat="37.259752" lon="129.333122">
   </trkpt>
   <trkpt lat="37.259671" lon="129.333196">
   </trkpt>
   <trkpt lat="37.257877" lon="129.333883">
   </trkpt>
   <trkpt lat="37.257398" lon="129.334152">
   </trkpt>
   <trkpt lat="37.257007" lon="129.334458">
   </trkpt>
   <trkpt lat="37.256888" lon="129.33451">
   </trkpt>
   <trkpt lat="37.256739" lon="129.334544">
   </trkpt>
   <trkpt lat="37.256627" lon="129.334526">
   </trkpt>
   <trkpt lat="37.256506" lon="129.334456">
   </trkpt>
   <trkpt lat="37.256404" lon="129.334349">
   </trkpt>
   <trkpt lat="37.256335" lon="129.334244">
   </trkpt>
   <trkpt lat="37.25625" lon="129.334028">
   </trkpt>
   <trkpt lat="37.256233" lon="129.333891">
   </trkpt>
   <trkpt lat="37.256246" lon="129.333271">
   </trkpt>
   <trkpt lat="37.256159" lon="129.332985">
   </trkpt>
   <trkpt lat="37.255997" lon="129.332716">
   </trkpt>
   <trkpt lat="37.255561" lon="129.332135">
   </trkpt>
   <trkpt lat="37.255462" lon="129.33206">
   </trkpt>
   <trkpt lat="37.255355" lon="129.332013">
   </trkpt>
   <trkpt lat="37.254668" lon="129.332017">
   </trkpt>
   <trkpt lat="37.25449" lon="129.331972">
   </trkpt>
   <trkpt lat="37.254291" lon="129.331884">
   </trkpt>
   <trkpt lat="37.254182" lon="129.331878">
   </trkpt>
   <trkpt lat="37.254097" lon="129.331914">
   </trkpt>
   <trkpt lat="37.254023" lon="129.331978">
   </trkpt>
   <trkpt lat="37.253855" lon="129.332369">
   </trkpt>
   <trkpt lat="37.253679" lon="129.332559">
   </trkpt>
   <trkpt lat="37.253625" lon="129.332657">
   </trkpt>
   <trkpt lat="37.253593" lon="129.332767">
   </trkpt>
   <trkpt lat="37.253595" lon="129.332866">
   </trkpt>
   <trkpt lat="37.253637" lon="129.332966">
   </trkpt>
   <trkpt lat="37.253822" lon="129.33316">
   </trkpt>
   <trkpt lat="37.253875" lon="129.333259">
   </trkpt>
   <trkpt lat="37.253904" lon="129.333354">
   </trkpt>
   <trkpt lat="37.253915" lon="129.333472">
   </trkpt>
   <trkpt lat="37.253885" lon="129.333596">
   </trkpt>
   <trkpt lat="37.253831" lon="129.333671">
   </trkpt>
   <trkpt lat="37.253774" lon="129.333716">
   </trkpt>
   <trkpt lat="37.252993" lon="129.33413">
   </trkpt>
   <trkpt lat="37.252782" lon="129.334285">
   </trkpt>
   <trkpt lat="37.252673" lon="129.334386">
   </trkpt>
   <trkpt lat="37.252521" lon="129.334619">
   </trkpt>
   <trkpt lat="37.252466" lon="129.334794">
   </trkpt>
   <trkpt lat="37.252426" lon="129.335212">
   </trkpt>
   <trkpt lat="37.252406" lon="129.335331">
   </trkpt>
   <trkpt lat="37.252366" lon="129.335401">
   </trkpt>
   <trkpt lat="37.252322" lon="129.335439">
   </trkpt>
   <trkpt lat="37.252255" lon="129.335466">
   </trkpt>
   <trkpt lat="37.251354" lon="129.335579">
   </trkpt>
   <trkpt lat="37.251011" lon="129.335655">
   </trkpt>
   <trkpt lat="37.250845" lon="129.335723">
   </trkpt>
   <trkpt lat="37.250658" lon="129.335835">
   </trkpt>
   <trkpt lat="37.250477" lon="129.335982">
   </trkpt>
   <trkpt lat="37.250013" lon="129.336432">
   </trkpt>
   <trkpt lat="37.249825" lon="129.336549">
   </trkpt>
   <trkpt lat="37.24934" lon="129.336761">
   </trkpt>
   <trkpt lat="37.249221" lon="129.336854">
   </trkpt>
   <trkpt lat="37.249167" lon="129.336962">
   </trkpt>
   <trkpt lat="37.249149" lon="129.33707">
   </trkpt>
   <trkpt lat="37.249153" lon="129.33716">
   </trkpt>
   <trkpt lat="37.249196" lon="129.33727">
   </trkpt>
   <trkpt lat="37.249268" lon="129.33736">
   </trkpt>
   <trkpt lat="37.249353" lon="129.337411">
   </trkpt>
   <trkpt lat="37.249434" lon="129.337435">
   </trkpt>
   <trkpt lat="37.249927" lon="129.337458">
   </trkpt>
   <trkpt lat="37.250001" lon="129.337501">
   </trkpt>
   <trkpt lat="37.250057" lon="129.337564">
   </trkpt>
   <trkpt lat="37.250089" lon="129.337652">
   </trkpt>
   <trkpt lat="37.250098" lon="129.337752">
   </trkpt>
   <trkpt lat="37.250085" lon="129.337872">
   </trkpt>
   <trkpt lat="37.250043" lon="129.337949">
   </trkpt>
   <trkpt lat="37.249932" lon="129.338054">
   </trkpt>
   <trkpt lat="37.248514" lon="129.338571">
   </trkpt>
   <trkpt lat="37.24791" lon="129.338759">
   </trkpt>
   <trkpt lat="37.247779" lon="129.33877">
   </trkpt>
   <trkpt lat="37.247672" lon="129.338759">
   </trkpt>
   <trkpt lat="37.247565" lon="129.338728">
   </trkpt>
   <trkpt lat="37.247439" lon="129.338654">
   </trkpt>
   <trkpt lat="37.247315" lon="129.338515">
   </trkpt>
   <trkpt lat="37.247038" lon="129.338049">
   </trkpt>
   <trkpt lat="37.246939" lon="129.337948">
   </trkpt>
   <trkpt lat="37.24685" lon="129.337909">
   </trkpt>
   <trkpt lat="37.24642" lon="129.337806">
   </trkpt>
   <trkpt lat="37.245773" lon="129.337552">
   </trkpt>
   <trkpt lat="37.245578" lon="129.337523">
   </trkpt>
   <trkpt lat="37.245475" lon="129.337555">
   </trkpt>
   <trkpt lat="37.245388" lon="129.337614">
   </trkpt>
   <trkpt lat="37.244965" lon="129.338102">
   </trkpt>
   <trkpt lat="37.244864" lon="129.338187">
   </trkpt>
   <trkpt lat="37.244609" lon="129.33832">
   </trkpt>
   <trkpt lat="37.244262" lon="129.338391">
   </trkpt>
   <trkpt lat="37.243676" lon="129.338421">
   </trkpt>
   <trkpt lat="37.242138" lon="129.338567">
   </trkpt>
   <trkpt lat="37.241578" lon="129.338654">
   </trkpt>
   <trkpt lat="37.240489" lon="129.338891">
   </trkpt>
   <trkpt lat="37.239958" lon="129.339119">
   </trkpt>
   <trkpt lat="37.237194" lon="129.340533">
   </trkpt>
   <trkpt lat="37.236301" lon="129.340867">
   </trkpt>
   <trkpt lat="37.236282" lon="129.340916">
   </trkpt>
   <trkpt lat="37.235907" lon="129.341073">
   </trkpt>
   <trkpt lat="37.235727" lon="129.341176">
   </trkpt>
   <trkpt lat="37.235112" lon="129.341653">
   </trkpt>
   <trkpt lat="37.233805" lon="129.342759">
   </trkpt>
   <trkpt lat="37.233306" lon="129.343155">
   </trkpt>
   <trkpt lat="37.233083" lon="129.343256">
   </trkpt>
   <trkpt lat="37.232952" lon="129.343241">
   </trkpt>
   <trkpt lat="37.232317" lon="129.343003">
   </trkpt>
   <trkpt lat="37.231559" lon="129.342599">
   </trkpt>
   <trkpt lat="37.231184" lon="129.342532">
   </trkpt>
   <trkpt lat="37.230831" lon="129.342568">
   </trkpt>
   <trkpt lat="37.23055" lon="129.34257">
   </trkpt>
   <trkpt lat="37.230141" lon="129.342498">
   </trkpt>
   <trkpt lat="37.22948" lon="129.34223">
   </trkpt>
   <trkpt lat="37.22899" lon="129.34201">
   </trkpt>
   <trkpt lat="37.22876" lon="129.34188">
   </trkpt>
   <trkpt lat="37.2274" lon="129.34124">
   </trkpt>
   <trkpt lat="37.22712" lon="129.34113">
   </trkpt>
   <trkpt lat="37.22703" lon="129.34105">
   </trkpt>
   <trkpt lat="37.22691" lon="129.3409">
   </trkpt>
   <trkpt lat="37.22684" lon="129.3407">
   </trkpt>
   <trkpt lat="37.22679" lon="129.3401">
   </trkpt>
   <trkpt lat="37.22675" lon="129.33878">
   </trkpt>
   <trkpt lat="37.22674" lon="129.3387">
   </trkpt>
   <trkpt lat="37.22659" lon="129.33855">
   </trkpt>
   <trkpt lat="37.22648" lon="129.33854">
   </trkpt>
   <trkpt lat="37.22635" lon="129.33858">
   </trkpt>
   <trkpt lat="37.2263" lon="129.33862">
   </trkpt>
   <trkpt lat="37.22608" lon="129.33906">
   </trkpt>
   <trkpt lat="37.22568" lon="129.33974">
   </trkpt>
   <trkpt lat="37.22559" lon="129.33983">
   </trkpt>
   <trkpt lat="37.22541" lon="129.33994">
   </trkpt>
   <trkpt lat="37.2252" lon="129.34004">
   </trkpt>
   <trkpt lat="37.22489" lon="129.34009">
   </trkpt>
   <trkpt lat="37.22472" lon="129.34008">
   </trkpt>
   <trkpt lat="37.22442" lon="129.33996">
   </trkpt>
   <trkpt lat="37.22393" lon="129.33972">
   </trkpt>
   <trkpt lat="37.223248" lon="129.339339">
   </trkpt>
   <trkpt lat="37.222769" lon="129.339096">
   </trkpt>
   <trkpt lat="37.22238" lon="129.338957">
   </trkpt>
   <trkpt lat="37.21995" lon="129.338095">
   </trkpt>
   <trkpt lat="37.219646" lon="129.338055">
   </trkpt>
   <trkpt lat="37.219445" lon="129.338072">
   </trkpt>
   <trkpt lat="37.219156" lon="129.338313">
   </trkpt>
   <trkpt lat="37.21863" lon="129.33907">
   </trkpt>
   <trkpt lat="37.21838" lon="129.33935">
   </trkpt>
   <trkpt lat="37.21826" lon="129.33943">
   </trkpt>
   <trkpt lat="37.21807" lon="129.33952">
   </trkpt>
   <trkpt lat="37.217784" lon="129.339562">
   </trkpt>
   <trkpt lat="37.217593" lon="129.33955">
   </trkpt>
   <trkpt lat="37.21727" lon="129.339475">
   </trkpt>
   <trkpt lat="37.216874" lon="129.339344">
   </trkpt>
   <trkpt lat="37.216521" lon="129.339091">
   </trkpt>
   <trkpt lat="37.215613" lon="129.338245">
   </trkpt>
   <trkpt lat="37.214984" lon="129.337693">
   </trkpt>
   <trkpt lat="37.214211" lon="129.336946">
   </trkpt>
   <trkpt lat="37.213842" lon="129.336721">
   </trkpt>
   <trkpt lat="37.213579" lon="129.336663">
   </trkpt>
   <trkpt lat="37.213357" lon="129.33668">
   </trkpt>
   <trkpt lat="37.213115" lon="129.336742">
   </trkpt>
   <trkpt lat="37.21116" lon="129.33749">
   </trkpt>
   <trkpt lat="37.21092" lon="129.33762">
   </trkpt>
   <trkpt lat="37.21066" lon="129.33788">
   </trkpt>
   <trkpt lat="37.21032" lon="129.33842">
   </trkpt>
   <trkpt lat="37.20988" lon="129.3392">
   </trkpt>
   <trkpt lat="37.20972" lon="129.3394">
   </trkpt>
   <trkpt lat="37.20898" lon="129.34006">
   </trkpt>
   <trkpt lat="37.20803" lon="129.34078">
   </trkpt>
   <trkpt lat="37.20764" lon="129.34093">
   </trkpt>
   <trkpt lat="37.20749" lon="129.34095">
   </trkpt>
   <trkpt lat="37.20659" lon="129.34078">
   </trkpt>
   <trkpt lat="37.20489" lon="129.34034">
   </trkpt>
   <trkpt lat="37.20463" lon="129.34017">
   </trkpt>
   <trkpt lat="37.20454" lon="129.34006">
   </trkpt>
   <trkpt lat="37.20414" lon="129.3395">
   </trkpt>
   <trkpt lat="37.20374" lon="129.33889">
   </trkpt>
   <trkpt lat="37.20351" lon="129.33875">
   </trkpt>
   <trkpt lat="37.20299" lon="129.33855">
   </trkpt>
   <trkpt lat="37.20273" lon="129.33842">
   </trkpt>
   <trkpt lat="37.2026" lon="129.33832">
   </trkpt>
   <trkpt lat="37.2023" lon="129.33797">
   </trkpt>
   <trkpt lat="37.20195" lon="129.33741">
   </trkpt>
   <trkpt lat="37.201736" lon="129.337161">
   </trkpt>
   <trkpt lat="37.201478" lon="129.337021">
   </trkpt>
   <trkpt lat="37.20111" lon="129.336941">
   </trkpt>
   <trkpt lat="37.200963" lon="129.336942">
   </trkpt>
   <trkpt lat="37.200793" lon="129.336978">
   </trkpt>
   <trkpt lat="37.200442" lon="129.337096">
   </trkpt>
   <trkpt lat="37.19956" lon="129.33761">
   </trkpt>
   <trkpt lat="37.19942" lon="129.33765">
   </trkpt>
   <trkpt lat="37.19912" lon="129.33763">
   </trkpt>
   <trkpt lat="37.19797" lon="129.33732">
   </trkpt>
   <trkpt lat="37.19754" lon="129.33718">
   </trkpt>
   <trkpt lat="37.19692" lon="129.33695">
   </trkpt>
   <trkpt lat="37.19661" lon="129.33673">
   </trkpt>
   <trkpt lat="37.19639" lon="129.33651">
   </trkpt>
   <trkpt lat="37.19616" lon="129.33617">
   </trkpt>
   <trkpt lat="37.19595" lon="129.33582">
   </trkpt>
   <trkpt lat="37.19575" lon="129.3356">
   </trkpt>
   <trkpt lat="37.19543" lon="129.33519">
   </trkpt>
   <trkpt lat="37.19469" lon="129.33434">
   </trkpt>
   <trkpt lat="37.194489" lon="129.333945">
   </trkpt>
   <trkpt lat="37.194386" lon="129.333552">
   </trkpt>
   <trkpt lat="37.194322" lon="129.332893">
   </trkpt>
   <trkpt lat="37.194288" lon="129.332039">
   </trkpt>
   <trkpt lat="37.194192" lon="129.331672">
   </trkpt>
   <trkpt lat="37.194042" lon="129.331389">
   </trkpt>
   <trkpt lat="37.19388" lon="129.33116">
   </trkpt>
   <trkpt lat="37.19369" lon="129.33091">
   </trkpt>
   <trkpt lat="37.19348" lon="129.33067">
   </trkpt>
   <trkpt lat="37.1932" lon="129.33049">
   </trkpt>
   <trkpt lat="37.19312" lon="129.33046">
   </trkpt>
   <trkpt lat="37.19288" lon="129.33043">
   </trkpt>
   <trkpt lat="37.19252" lon="129.33049">
   </trkpt>
   <trkpt lat="37.19198" lon="129.33054">
   </trkpt>
   <trkpt lat="37.19122" lon="129.33053">
   </trkpt>
   <trkpt lat="37.1906" lon="129.33041">
   </trkpt>
   <trkpt lat="37.189" lon="129.33">
   </trkpt>
   <trkpt lat="37.1882" lon="129.32976">
   </trkpt>
   <trkpt lat="37.18775" lon="129.32956">
   </trkpt>
   <trkpt lat="37.18757" lon="129.32941">
   </trkpt>
   <trkpt lat="37.18729" lon="129.32908">
   </trkpt>
   <trkpt lat="37.18644" lon="129.32792">
   </trkpt>
   <trkpt lat="37.18622" lon="129.32771">
   </trkpt>
   <trkpt lat="37.18609" lon="129.32763">
   </trkpt>
   <trkpt lat="37.18581" lon="129.32754">
   </trkpt>
   <trkpt lat="37.18561" lon="129.32754">
   </trkpt>
   <trkpt lat="37.18494" lon="129.32788">
   </trkpt>
   <trkpt lat="37.184268" lon="129.328284">
   </trkpt>
   <trkpt lat="37.183499" lon="129.328673">
   </trkpt>
   <trkpt lat="37.183269" lon="129.328698">
   </trkpt>
   <trkpt lat="37.180482" lon="129.327891">
   </trkpt>
   <trkpt lat="37.180081" lon="129.327891">
   </trkpt>
   <trkpt lat="37.179929" lon="129.327955">
   </trkpt>
   <trkpt lat="37.178589" lon="129.328941">
   </trkpt>
   <trkpt lat="37.177053" lon="129.330008">
   </trkpt>
   <trkpt lat="37.175519" lon="129.331112">
   </trkpt>
   <trkpt lat="37.174985" lon="129.331648">
   </trkpt>
   <trkpt lat="37.173743" lon="129.333172">
   </trkpt>
   <trkpt lat="37.173289" lon="129.333844">
   </trkpt>
   <trkpt lat="37.172676" lon="129.335011">
   </trkpt>
   <trkpt lat="37.172412" lon="129.335466">
   </trkpt>
   <trkpt lat="37.172281" lon="129.335876">
   </trkpt>
   <trkpt lat="37.172014" lon="129.337066">
   </trkpt>
   <trkpt lat="37.171828" lon="129.33776">
   </trkpt>
   <trkpt lat="37.171508" lon="129.337685">
   </trkpt>
   <trkpt lat="37.171158" lon="129.337591">
   </trkpt>
   <trkpt lat="37.170889" lon="129.338162">
   </trkpt>
   <trkpt lat="37.170415" lon="129.338856">
   </trkpt>
   <trkpt lat="37.17006" lon="129.339146">
   </trkpt>
   <trkpt lat="37.169693" lon="129.339415">
   </trkpt>
   <trkpt lat="37.16896" lon="129.33984">
   </trkpt>
   <trkpt lat="37.168777" lon="129.339863">
   </trkpt>
   <trkpt lat="37.168267" lon="129.33968">
   </trkpt>
   <trkpt lat="37.168156" lon="129.339612">
   </trkpt>
   <trkpt lat="37.167928" lon="129.339614">
   </trkpt>
   <trkpt lat="37.16755" lon="129.339713">
   </trkpt>
   <trkpt lat="37.166874" lon="129.340413">
   </trkpt>
   <trkpt lat="37.166468" lon="129.34071">
   </trkpt>
   <trkpt lat="37.16601" lon="129.341017">
   </trkpt>
   <trkpt lat="37.16581" lon="129.341191">
   </trkpt>
   <trkpt lat="37.165727" lon="129.341142">
   </trkpt>
   <trkpt lat="37.162869" lon="129.34013">
   </trkpt>
   <trkpt lat="37.162934" lon="129.340326">
   </trkpt>
   <trkpt lat="37.162856" lon="129.345161">
   </trkpt>
   <trkpt lat="37.162816" lon="129.34643">
   </trkpt>
   <trkpt lat="37.162708" lon="129.34696">
   </trkpt>
   <trkpt lat="37.16231" lon="129.349449">
   </trkpt>
   <trkpt lat="37.161819" lon="129.350928">
   </trkpt>
   <trkpt lat="37.161588" lon="129.351439">
   </trkpt>
   <trkpt lat="37.161421" lon="129.351692">
   </trkpt>
   <trkpt lat="37.160657" lon="129.354358">
   </trkpt>
   <trkpt lat="37.160538" lon="129.354587">
   </trkpt>
   <trkpt lat="37.160393" lon="129.354773">
   </trkpt>
   <trkpt lat="37.159757" lon="129.355763">
   </trkpt>
   <trkpt lat="37.159679" lon="129.355861">
   </trkpt>
   <trkpt lat="37.159292" lon="129.356123">
   </trkpt>
   <trkpt lat="37.159158" lon="129.35624">
   </trkpt>
   <trkpt lat="37.158354" lon="129.357057">
   </trkpt>
   <trkpt lat="37.158164" lon="129.357314">
   </trkpt>
   <trkpt lat="37.157955" lon="129.357669">
   </trkpt>
   <trkpt lat="37.157836" lon="129.357916">
   </trkpt>
   <trkpt lat="37.157751" lon="129.35815">
   </trkpt>
   <trkpt lat="37.157639" lon="129.358322">
   </trkpt>
   <trkpt lat="37.157513" lon="129.358444">
   </trkpt>
   <trkpt lat="37.157379" lon="129.358491">
   </trkpt>
   <trkpt lat="37.157178" lon="129.358491">
   </trkpt>
   <trkpt lat="37.156776" lon="129.358579">
   </trkpt>
   <trkpt lat="37.156471" lon="129.358687">
   </trkpt>
   <trkpt lat="37.156295" lon="129.35878">
   </trkpt>
   <trkpt lat="37.156124" lon="129.358832">
   </trkpt>
   <trkpt lat="37.15567" lon="129.358845">
   </trkpt>
   <trkpt lat="37.155082" lon="129.35906">
   </trkpt>
   <trkpt lat="37.154464" lon="129.35907">
   </trkpt>
   <trkpt lat="37.154297" lon="129.359102">
   </trkpt>
   <trkpt lat="37.154159" lon="129.359186">
   </trkpt>
   <trkpt lat="37.153457" lon="129.360041">
   </trkpt>
   <trkpt lat="37.153297" lon="129.360167">
   </trkpt>
   <trkpt lat="37.152681" lon="129.360578">
   </trkpt>
   <trkpt lat="37.152544" lon="129.360611">
   </trkpt>
   <trkpt lat="37.152395" lon="129.360592">
   </trkpt>
   <trkpt lat="37.152047" lon="129.360352">
   </trkpt>
   <trkpt lat="37.151871" lon="129.360349">
   </trkpt>
   <trkpt lat="37.151693" lon="129.360456">
   </trkpt>
   <trkpt lat="37.150629" lon="129.36131">
   </trkpt>
   <trkpt lat="37.150499" lon="129.361391">
   </trkpt>
   <trkpt lat="37.15032" lon="129.361457">
   </trkpt>
   <trkpt lat="37.149313" lon="129.361733">
   </trkpt>
   <trkpt lat="37.148763" lon="129.361864">
   </trkpt>
   <trkpt lat="37.148672" lon="129.361931">
   </trkpt>
   <trkpt lat="37.147876" lon="129.362862">
   </trkpt>
   <trkpt lat="37.147548" lon="129.363217">
   </trkpt>
   <trkpt lat="37.147467" lon="129.363268">
   </trkpt>
   <trkpt lat="37.147154" lon="129.363347">
   </trkpt>
   <trkpt lat="37.146774" lon="129.363354">
   </trkpt>
   <trkpt lat="37.146616" lon="129.363279">
   </trkpt>
   <trkpt lat="37.14655" lon="129.363177">
   </trkpt>
   <trkpt lat="37.146437" lon="129.363162">
   </trkpt>
   <trkpt lat="37.146287" lon="129.363231">
   </trkpt>
   <trkpt lat="37.146139" lon="129.363252">
   </trkpt>
   <trkpt lat="37.145952" lon="129.363201">
   </trkpt>
   <trkpt lat="37.145849" lon="129.363095">
   </trkpt>
  </trkseg>
 </trk>
</gpx>
